{
    "device": "cuda",
    "inference_time": 0.0378615168424753,
    "kfold": {
        "acc": 0.9798333333333333,
        "th": 0.2658511996269226
    },
    "roc": {
        "auc": 0.9975721111111111,
        "th": 0.2396058589220047,
        "acc": 0.9798333333333333,
        "fpr": [
            0.0,
            0.0,
            0.0,
            0.0,
            0.0,
            0.0003333333333333333,
            0.0003333333333333333,
            0.0006666666666666666,
            0.0006666666666666666,
            0.001,
            0.001,
            0.0013333333333333333,
            0.0013333333333333333,
            0.0016666666666666668,
            0.0016666666666666668,
            0.002,
            0.002,
            0.0023333333333333335,
            0.0023333333333333335,
            0.003,
            0.003,
            0.0033333333333333335,
            0.0033333333333333335,
            0.0036666666666666666,
            0.0036666666666666666,
            0.004,
            0.004,
            0.004333333333333333,
            0.004333333333333333,
            0.004666666666666667,
            0.004666666666666667,
            0.005,
            0.005,
            0.006333333333333333,
            0.006333333333333333,
            0.006666666666666667,
            0.006666666666666667,
            0.007,
            0.007,
            0.007333333333333333,
            0.007333333333333333,
            0.007666666666666666,
            0.007666666666666666,
            0.008333333333333333,
            0.008333333333333333,
            0.008666666666666666,
            0.008666666666666666,
            0.009,
            0.009,
            0.009333333333333334,
            0.009333333333333334,
            0.009666666666666667,
            0.009666666666666667,
            0.01,
            0.01,
            0.010333333333333333,
            0.010333333333333333,
            0.010666666666666666,
            0.010666666666666666,
            0.011,
            0.011,
            0.011333333333333334,
            0.011333333333333334,
            0.011666666666666667,
            0.011666666666666667,
            0.012,
            0.012,
            0.012333333333333333,
            0.012333333333333333,
            0.014666666666666666,
            0.014666666666666666,
            0.015,
            0.015,
            0.015666666666666666,
            0.015666666666666666,
            0.01633333333333333,
            0.01633333333333333,
            0.017333333333333333,
            0.017333333333333333,
            0.017666666666666667,
            0.017666666666666667,
            0.019,
            0.019,
            0.019333333333333334,
            0.019333333333333334,
            0.02033333333333333,
            0.02033333333333333,
            0.021333333333333333,
            0.021333333333333333,
            0.021666666666666667,
            0.021666666666666667,
            0.022,
            0.022,
            0.022333333333333334,
            0.022333333333333334,
            0.02266666666666667,
            0.02266666666666667,
            0.023,
            0.023,
            0.023333333333333334,
            0.023333333333333334,
            0.023666666666666666,
            0.023666666666666666,
            0.024333333333333332,
            0.024333333333333332,
            0.025333333333333333,
            0.025333333333333333,
            0.025666666666666667,
            0.025666666666666667,
            0.026,
            0.026,
            0.026333333333333334,
            0.026333333333333334,
            0.029,
            0.029,
            0.029666666666666668,
            0.029666666666666668,
            0.03,
            0.03,
            0.030333333333333334,
            0.030333333333333334,
            0.030666666666666665,
            0.030666666666666665,
            0.032,
            0.032,
            0.033,
            0.033,
            0.034666666666666665,
            0.034666666666666665,
            0.037333333333333336,
            0.037333333333333336,
            0.03866666666666667,
            0.03866666666666667,
            0.043333333333333335,
            0.043333333333333335,
            0.049,
            0.049,
            0.052,
            0.052,
            0.05266666666666667,
            0.05266666666666667,
            0.05633333333333333,
            0.05633333333333333,
            0.058,
            0.058,
            0.06233333333333333,
            0.06233333333333333,
            0.06333333333333334,
            0.06333333333333334,
            0.088,
            0.088,
            0.08966666666666667,
            0.08966666666666667,
            0.09033333333333333,
            0.09033333333333333,
            0.10466666666666667,
            0.10466666666666667,
            0.106,
            0.106,
            0.12466666666666666,
            0.12466666666666666,
            0.12566666666666668,
            0.12566666666666668,
            0.135,
            0.135,
            0.13633333333333333,
            0.13633333333333333,
            0.14366666666666666,
            0.14366666666666666,
            0.14933333333333335,
            0.14933333333333335,
            0.15166666666666667,
            0.15166666666666667,
            0.161,
            0.161,
            0.16466666666666666,
            0.16466666666666666,
            0.17,
            0.17,
            0.17066666666666666,
            0.17066666666666666,
            0.172,
            0.172,
            0.19566666666666666,
            0.19566666666666666,
            0.19666666666666666,
            0.19666666666666666,
            0.226,
            0.226,
            0.23066666666666666,
            0.23066666666666666,
            0.26966666666666667,
            0.26966666666666667,
            0.28933333333333333,
            0.28933333333333333,
            0.4186666666666667,
            0.4186666666666667,
            0.873,
            0.873,
            1.0
        ],