{
    "device": "cuda",
    "inference_time": 0.1020352840423584,
    "kfold": {
        "acc": 0.54875,
        "th": 0.9550857543945312
    },
    "roc": {
        "auc": 0.707721875,
        "th": 0.9576908946037292,
        "acc": 0.64625,
        "fpr": [
            0.0,
            0.0,
            0.0,
            0.0,
            0.0025,
            0.0025,
            0.0025,
            0.0025,
            0.005,
            0.005,
            0.005,
            0.005,
            0.0075,
            0.0075,
            0.01,
            0.01,
            0.0125,
            0.0125,
            0.015,
            0.015,
            0.015,
            0.015,
            0.0175,
            0.0175,
            0.0175,
            0.02,
            0.02,
            0.0225,
            0.0225,
            0.03,
            0.03,
            0.03,
            0.03,
            0.035,
            0.035,
            0.035,
            0.0375,
            0.0375,
            0.0375,
            0.0375,
            0.0425,
            0.0425,
            0.0475,
            0.0475,
            0.05,
            0.05,
            0.0525,
            0.0525,
            0.055,
            0.055,
            0.0575,
            0.0575,
            0.06,
            0.06,
            0.0675,
            0.0675,
            0.08,
            0.08,
            0.0825,
            0.0825,
            0.085,
            0.085,
            0.085,
            0.085,
            0.0875,
            0.0875,
            0.09,
            0.09,
            0.095,
            0.095,
            0.0975,
            0.0975,
            0.1,
            0.1,
            0.105,
            0.105,
            0.11,
            0.11,
            0.1125,
            0.1125,
            0.1175,
            0.1175,
            0.1275,
            0.1275,
            0.13,
            0.13,
            0.1325,
            0.1325,
            0.1375,
            0.1375,
            0.14,
            0.14,
            0.1425,
            0.1425,
            0.145,
            0.1475,
            0.1475,
            0.1575,
            0.1575,
            0.16,
            0.16,
            0.1625,
            0.1625,
            0.165,
            0.165,
            0.165,
            0.1675,
            0.1675,
            0.17,
            0.17,
            0.1725,
            0.1725,
            0.175,
            0.175,
            0.1775,
            0.1775,
            0.1825,
            0.1825,
            0.185,
            0.185,
            0.1875,
            0.1875,
            0.19,
            0.19,
            0.195,
            0.195,
            0.1975,
            0.1975,
            0.2025,
            0.2025,
            0.2075,
            0.2075,
            0.22,
            0.22,
            0.2225,
            0.2225,
            0.225,
            0.225,
            0.2275,
            0.2275,
            0.2325,
            0.2325,
            0.235,
            0.235,
            0.2375,
            0.2375,
            0.24,
            0.24,
            0.245,
            0.245,
            0.255,
            0.255,
            0.2625,
            0.2625,
            0.265,
            0.265,
            0.2675,
            0.2675,
            0.27,
            0.27,
            0.275,
            0.275,
            0.28,
            0.28,
            0.2825,
            0.2825,
            0.29,
            0.29,
            0.2975,
            0.2975,
            0.3,
            0.3,
            0.3075,
            0.3075,
            0.31,
            0.31,
            0.315,
            0.315,
            0.3175,
            0.3175,
            0.32,
            0.32,
            0.325,
            0.325,
            0.3425,
            0.3425,
            0.345,
            0.345,
            0.3475,
            0.3475,
            0.35,
            0.35,
            0.3525,
            0.3525,
            0.3525,
            0.3525,
            0.355,
            0.355,
            0.3575,
            0.3575,
            0.3575,
            0.36,
            0.36,
            0.365,
            0.365,
            0.37,
            0.37,
            0.3725,
            0.3725,
            0.375,
            0.375,
            0.38,
            0.38,
            0.3825,
            0.3825,
            0.385,
            0.385,
            0.39,
            0.39,
            0.3925,
            0.3925,
            0.41,
            0.41,
            0.4125,
            0.4125,
            0.4175,
            0.4175,
            0.4225,
            0.4225,
            0.4225,
            0.44,
            0.44,
            0.455,
            0.455,
            0.46,
            0.46,
            0.465,
            0.465,
            0.4675,
            0.4675,
            0.47,
            0.47,
            0.475,
            0.475,
            0.4775,
            0.4775,
            0.48,
            0.48,
            0.485,
            0.485,
            0.5075,
            0.5075,
            0.525,
            0.525,
            0.535,
            0.535,
            0.5425,
            0.5425,
            0.5525,
            0.5525,
            0.5575,
            0.5575,
            0.57,
            0.57,
            0.5725,
            0.5725,
            0.5775,
            0.5775,
            0.59,
            0.59,
            0.605,
            0.605,
            0.605,
            0.605,
            0.615,
            0.615,
            0.625,
            0.625,
            0.6275,
            0.6275,
            0.63,
            0.63,
            0.6325,
            0.6325,
            0.635,
            0.635,
            0.6375,
            0.6375,
            0.64,
            0.64,
            0.6425,
            0.6425,
            0.645,
            0.645,
            0.65,
            0.65,
            0.655,
            0.655,
            0.6625,
            0.6625,
            0.675,
            0.675,
            0.6775,
            0.6775,
            0.69,
            0.69,
            0.7,
            0.7,
            0.72,
            0.72,
            0.72,
            0.725,
            0.725,
            0.7275,
            0.7275,
            0.7325,
            0.7325,
            0.745,
            0.745,
            0.7475,
            0.7475,
            0.7625,
            0.7625,
            0.765,
            0.765,
            0.77,
            0.77,
            0.785,
            0.785,
            0.7975,
            0.7975,
            0.8075,
            0.8075,
            0.825,
            0.825,
            0.8325,
            0.8325,
            0.84,
            0.84,
            0.855,
            0.855,
            0.855,
            0.865,
            0.865,
            0.88,
            0.88,
            0.8925,
            0.8925,
            0.9025,
            0.9025,
            0.905,
            0.905,
            0.915,
            0.915,
            0.93,
            0.93,
            0.9375,
            0.9375,
            0.9525,
            0.9525,
            0.965,
            0.965,
            0.9775,
            0.9775,
            0.9825,
            0.9825,
            0.995,
            0.995,
            1.0,
            1.0
        ],