{
    "device": "cuda",
    "inference_time": 0.09697568416595459,
    "kfold": {
        "acc": 0.63375,
        "th": 0.950503408908844
    },
    "roc": {
        "auc": 0.6885,
        "th": 0.9496456980705261,
        "acc": 0.66,
        "fpr": [
            0.0,
            0.0,
            0.0,
            0.0025,
            0.0025,
            0.005,
            0.005,
            0.0075,
            0.0075,
            0.01,
            0.01,
            0.0125,
            0.0125,
            0.015,
            0.015,
            0.02,
            0.02,
            0.0225,
            0.0225,
            0.025,
            0.025,
            0.0275,
            0.0275,
            0.03,
            0.03,
            0.0325,
            0.0325,
            0.035,
            0.035,
            0.0375,
            0.0375,
            0.04,
            0.04,
            0.0425,
            0.0425,
            0.0475,
            0.0475,
            0.05,
            0.05,
            0.0575,
            0.0575,
            0.06,
            0.06,
            0.0675,
            0.0675,
            0.07,
            0.07,
            0.0725,
            0.0725,
            0.075,
            0.075,
            0.0775,
            0.0775,
            0.08,
            0.08,
            0.0825,
            0.0825,
            0.085,
            0.085,
            0.095,
            0.095,
            0.1,
            0.1,
            0.1025,
            0.1025,
            0.1075,
            0.1075,
            0.11,
            0.11,
            0.1175,
            0.1175,
            0.125,
            0.125,
            0.13,
            0.13,
            0.1325,
            0.1325,
            0.135,
            0.135,
            0.1375,
            0.1375,
            0.14,
            0.14,
            0.1425,
            0.1425,
            0.145,
            0.145,
            0.1525,
            0.1525,
            0.155,
            0.155,
            0.1575,
            0.1575,
            0.16,
            0.16,
            0.1675,
            0.1675,
            0.17,
            0.17,
            0.175,
            0.175,
            0.18,
            0.18,
            0.1825,
            0.1825,
            0.185,
            0.185,
            0.1875,
            0.1875,
            0.19,
            0.19,
            0.1925,
            0.1925,
            0.1975,
            0.1975,
            0.2,
            0.2,
            0.2025,
            0.2025,
            0.2075,
            0.2075,
            0.21,
            0.21,
            0.215,
            0.215,
            0.22,
            0.22,
            0.2225,
            0.2225,
            0.2275,
            0.2275,
            0.2325,
            0.2325,
            0.235,
            0.235,
            0.2375,
            0.2375,
            0.24,
            0.24,
            0.2425,
            0.2425,
            0.2575,
            0.2575,
            0.2625,
            0.2625,
            0.265,
            0.265,
            0.2675,
            0.2675,
            0.27,
            0.27,
            0.2725,
            0.2725,
            0.2775,
            0.2775,
            0.285,
            0.285,
            0.29,
            0.29,
            0.2925,
            0.2925,
            0.3,
            0.3,
            0.3025,
            0.3025,
            0.305,
            0.305,
            0.31,
            0.31,
            0.3125,
            0.3125,
            0.315,
            0.315,
            0.32,
            0.32,
            0.33,
            0.33,
            0.34,
            0.34,
            0.345,
            0.345,
            0.3525,
            0.3525,
            0.355,
            0.355,
            0.3725,
            0.3725,
            0.3775,
            0.3775,
            0.38,
            0.38,
            0.3825,
            0.3825,
            0.39,
            0.39,
            0.4,
            0.4,
            0.4025,
            0.4025,
            0.415,
            0.415,
            0.42,
            0.42,
            0.425,
            0.425,
            0.4275,
            0.4275,
            0.4375,
            0.4375,
            0.4575,
            0.4575,
            0.4625,
            0.4625,
            0.4675,
            0.4675,
            0.48,
            0.48,
            0.4925,
            0.4925,
            0.495,
            0.495,
            0.4975,
            0.4975,
            0.5,
            0.5,
            0.5025,
            0.5025,
            0.505,
            0.505,
            0.5225,
            0.5225,
            0.53,
            0.53,
            0.54,
            0.54,
            0.55,
            0.55,
            0.555,
            0.555,
            0.5625,
            0.5625,
            0.57,
            0.57,
            0.575,
            0.575,
            0.5875,
            0.5875,
            0.6025,
            0.6025,
            0.605,
            0.605,
            0.6075,
            0.6075,
            0.615,
            0.615,
            0.6225,
            0.6225,
            0.625,
            0.625,
            0.6275,
            0.6275,
            0.64,
            0.64,
            0.6575,
            0.6575,
            0.66,
            0.66,
            0.665,
            0.665,
            0.6725,
            0.6725,
            0.6825,
            0.6825,
            0.695,
            0.695,
            0.7075,
            0.7075,
            0.7175,
            0.7175,
            0.72,
            0.72,
            0.7225,
            0.7225,
            0.7275,
            0.7275,
            0.73,
            0.73,
            0.755,
            0.755,
            0.785,
            0.785,
            0.7875,
            0.7875,
            0.7925,
            0.7925,
            0.7975,
            0.7975,
            0.8025,
            0.8025,
            0.825,
            0.825,
            0.8425,
            0.8425,
            0.85,
            0.85,
            0.865,
            0.865,
            0.8725,
            0.8725,
            0.8775,
            0.8775,
            0.88,
            0.88,
            0.8825,
            0.8825,
            0.89,
            0.89,
            0.895,
            0.895,
            0.9,
            0.9,
            0.9125,
            0.9125,
            0.915,
            0.915,
            0.9175,
            0.9175,
            0.92,
            0.92,
            0.925,
            0.925,
            0.945,
            0.945,
            0.9475,
            0.9475,
            0.95,
            0.95,
            0.9675,
            0.9675,
            0.97,
            0.97,
            0.985,
            0.985,
            0.9925,
            0.9925,
            0.9975,
            0.9975,
            1.0,
            1.0
        ],