{
    "device": "cuda",
    "inference_time": 0.04254696002373329,
    "kfold": {
        "acc": 0.982,
        "th": 0.2761745750904083
    },
    "roc": {
        "auc": 0.997527111111111,
        "th": 0.24610579013824463,
        "acc": 0.9828333333333333,
        "fpr": [
            0.0,
            0.0,
            0.0,
            0.0,
            0.0,
            0.0003333333333333333,
            0.0003333333333333333,
            0.0006666666666666666,
            0.0006666666666666666,
            0.001,
            0.001,
            0.0013333333333333333,
            0.0013333333333333333,
            0.0016666666666666668,
            0.0016666666666666668,
            0.002,
            0.002,
            0.0023333333333333335,
            0.0023333333333333335,
            0.0026666666666666666,
            0.0026666666666666666,
            0.003,
            0.003,
            0.0033333333333333335,
            0.0033333333333333335,
            0.0036666666666666666,
            0.0036666666666666666,
            0.004,
            0.004,
            0.004333333333333333,
            0.004333333333333333,
            0.004666666666666667,
            0.004666666666666667,
            0.005,
            0.005,
            0.005333333333333333,
            0.005333333333333333,
            0.005666666666666667,
            0.005666666666666667,
            0.006,
            0.006,
            0.007,
            0.007,
            0.007333333333333333,
            0.007333333333333333,
            0.008333333333333333,
            0.008333333333333333,
            0.009666666666666667,
            0.009666666666666667,
            0.010333333333333333,
            0.010333333333333333,
            0.010666666666666666,
            0.010666666666666666,
            0.011,
            0.011,
            0.011333333333333334,
            0.011333333333333334,
            0.011666666666666667,
            0.011666666666666667,
            0.012,
            0.012,
            0.012333333333333333,
            0.012333333333333333,
            0.012666666666666666,
            0.012666666666666666,
            0.013333333333333334,
            0.013333333333333334,
            0.014333333333333333,
            0.014333333333333333,
            0.014666666666666666,
            0.014666666666666666,
            0.015333333333333332,
            0.015333333333333332,
            0.015666666666666666,
            0.015666666666666666,
            0.016,
            0.016,
            0.01633333333333333,
            0.01633333333333333,
            0.017333333333333333,
            0.017333333333333333,
            0.018333333333333333,
            0.018333333333333333,
            0.019,
            0.019,
            0.019666666666666666,
            0.019666666666666666,
            0.02,
            0.02,
            0.021333333333333333,
            0.021333333333333333,
            0.023,
            0.023,
            0.023666666666666666,
            0.023666666666666666,
            0.024,
            0.024,
            0.024333333333333332,
            0.024333333333333332,
            0.02666666666666667,
            0.02666666666666667,
            0.03,
            0.03,
            0.03233333333333333,
            0.03233333333333333,
            0.03766666666666667,
            0.03766666666666667,
            0.04133333333333333,
            0.04133333333333333,
            0.042333333333333334,
            0.042333333333333334,
            0.049,
            0.049,
            0.04933333333333333,
            0.04933333333333333,
            0.049666666666666665,
            0.049666666666666665,
            0.05333333333333334,
            0.05333333333333334,
            0.06,
            0.06,
            0.060333333333333336,
            0.060333333333333336,
            0.06466666666666666,
            0.06466666666666666,
            0.06533333333333333,
            0.06533333333333333,
            0.07033333333333333,
            0.07033333333333333,
            0.07933333333333334,
            0.07933333333333334,
            0.08666666666666667,
            0.08666666666666667,
            0.08833333333333333,
            0.08833333333333333,
            0.09066666666666667,
            0.09066666666666667,
            0.095,
            0.095,
            0.09666666666666666,
            0.09666666666666666,
            0.097,
            0.097,
            0.10666666666666667,
            0.10666666666666667,
            0.11233333333333333,
            0.11233333333333333,
            0.123,
            0.123,
            0.12433333333333334,
            0.12433333333333334,
            0.12766666666666668,
            0.12766666666666668,
            0.14566666666666667,
            0.14566666666666667,
            0.15666666666666668,
            0.15666666666666668,
            0.18733333333333332,
            0.18733333333333332,
            0.194,
            0.194,
            0.22666666666666666,
            0.22666666666666666,
            0.23033333333333333,
            0.23033333333333333,
            0.2833333333333333,
            0.2833333333333333,
            0.30633333333333335,
            0.30633333333333335,
            0.35333333333333333,
            0.35333333333333333,
            0.37566666666666665,
            0.37566666666666665,
            0.6413333333333333,
            0.6413333333333333,
            0.895,
            0.895,
            1.0
        ],