{
    "device": "cuda",
    "inference_time": 0.040138620596665606,
    "kfold": {
        "acc": 0.9841666666666666,
        "th": 0.27790865302085876
    },
    "roc": {
        "auc": 0.9978411111111111,
        "th": 0.24660927057266235,
        "acc": 0.9833333333333333,
        "fpr": [
            0.0,
            0.0,
            0.0,
            0.0003333333333333333,
            0.0003333333333333333,
            0.0006666666666666666,
            0.0006666666666666666,
            0.001,
            0.001,
            0.0013333333333333333,
            0.0013333333333333333,
            0.0016666666666666668,
            0.0016666666666666668,
            0.0023333333333333335,
            0.0023333333333333335,
            0.0026666666666666666,
            0.0026666666666666666,
            0.003,
            0.003,
            0.0033333333333333335,
            0.0033333333333333335,
            0.0036666666666666666,
            0.0036666666666666666,
            0.004,
            0.004,
            0.004666666666666667,
            0.004666666666666667,
            0.005,
            0.005,
            0.005333333333333333,
            0.005333333333333333,
            0.005666666666666667,
            0.005666666666666667,
            0.006,
            0.006,
            0.006333333333333333,
            0.006333333333333333,
            0.007,
            0.007,
            0.008,
            0.008,
            0.009,
            0.009,
            0.009333333333333334,
            0.009333333333333334,
            0.009666666666666667,
            0.009666666666666667,
            0.010333333333333333,
            0.010333333333333333,
            0.012333333333333333,
            0.012333333333333333,
            0.013,
            0.013,
            0.013333333333333334,
            0.013333333333333334,
            0.014,
            0.014,
            0.014666666666666666,
            0.014666666666666666,
            0.016,
            0.016,
            0.016666666666666666,
            0.016666666666666666,
            0.017333333333333333,
            0.017333333333333333,
            0.018,
            0.018,
            0.019666666666666666,
            0.019666666666666666,
            0.02,
            0.02,
            0.021,
            0.021,
            0.022,
            0.022,
            0.024666666666666667,
            0.024666666666666667,
            0.025,
            0.025,
            0.025666666666666667,
            0.025666666666666667,
            0.030666666666666665,
            0.030666666666666665,
            0.03166666666666667,
            0.03166666666666667,
            0.03266666666666666,
            0.03266666666666666,
            0.033,
            0.033,
            0.036,
            0.036,
            0.036333333333333336,
            0.036333333333333336,
            0.03933333333333333,
            0.03933333333333333,
            0.04633333333333333,
            0.04633333333333333,
            0.052,
            0.052,
            0.054,
            0.054,
            0.055,
            0.055,
            0.06233333333333333,
            0.06233333333333333,
            0.06466666666666666,
            0.06466666666666666,
            0.069,
            0.069,
            0.07033333333333333,
            0.07033333333333333,
            0.07966666666666666,
            0.07966666666666666,
            0.08333333333333333,
            0.08333333333333333,
            0.08566666666666667,
            0.08566666666666667,
            0.097,
            0.097,
            0.09933333333333333,
            0.09933333333333333,
            0.11766666666666667,
            0.11766666666666667,
            0.126,
            0.126,
            0.13066666666666665,
            0.13066666666666665,
            0.15333333333333332,
            0.15333333333333332,
            0.166,
            0.166,
            0.17,
            0.17,
            0.215,
            0.215,
            0.24966666666666668,
            0.24966666666666668,
            0.26,
            0.26,
            0.264,
            0.264,
            0.31833333333333336,
            0.31833333333333336,
            0.3233333333333333,
            0.3233333333333333,
            0.6686666666666666,
            0.6686666666666666,
            0.78,
            0.78,
            1.0
        ],