{
    "device": "cuda",
    "inference_time": 0.12594115734100342,
    "kfold": {
        "acc": 0.755,
        "th": 0.34110260009765625
    },
    "roc": {
        "auc": 0.83318125,
        "th": 0.27321454882621765,
        "acc": 0.7525,
        "fpr": [
            0.0,
            0.0,
            0.0,
            0.0,
            0.0,
            0.0,
            0.0,
            0.0,
            0.0025,
            0.0025,
            0.0025,
            0.0025,
            0.005,
            0.005,
            0.005,
            0.005,
            0.005,
            0.005,
            0.005,
            0.005,
            0.005,
            0.005,
            0.0075,
            0.0075,
            0.0075,
            0.0075,
            0.0075,
            0.0075,
            0.01,
            0.01,
            0.0125,
            0.0125,
            0.015,
            0.015,
            0.015,
            0.015,
            0.0175,
            0.0175,
            0.025,
            0.025,
            0.025,
            0.025,
            0.025,
            0.025,
            0.025,
            0.025,
            0.03,
            0.03,
            0.0325,
            0.0325,
            0.035,
            0.035,
            0.035,
            0.035,
            0.035,
            0.0375,
            0.0375,
            0.04,
            0.04,
            0.045,
            0.045,
            0.0475,
            0.0475,
            0.0525,
            0.0525,
            0.055,
            0.055,
            0.0575,
            0.0575,
            0.065,
            0.065,
            0.0675,
            0.0675,
            0.07,
            0.07,
            0.075,
            0.075,
            0.0775,
            0.0775,
            0.08,
            0.08,
            0.0875,
            0.0875,
            0.09,
            0.09,
            0.095,
            0.095,
            0.0975,
            0.0975,
            0.1025,
            0.1025,
            0.1075,
            0.1075,
            0.1175,
            0.1175,
            0.12,
            0.12,
            0.125,
            0.125,
            0.1275,
            0.1275,
            0.13,
            0.13,
            0.1325,
            0.1325,
            0.1375,
            0.1375,
            0.15,
            0.15,
            0.16,
            0.16,
            0.1725,
            0.1725,
            0.185,
            0.185,
            0.1875,
            0.1875,
            0.1925,
            0.1925,
            0.195,
            0.195,
            0.1975,
            0.1975,
            0.2,
            0.2,
            0.215,
            0.215,
            0.22,
            0.22,
            0.225,
            0.225,
            0.23,
            0.23,
            0.2475,
            0.2475,
            0.2525,
            0.2525,
            0.265,
            0.265,
            0.2675,
            0.2675,
            0.275,
            0.275,
            0.2775,
            0.2775,
            0.2825,
            0.2825,
            0.285,
            0.285,
            0.29,
            0.29,
            0.2925,
            0.2925,
            0.3,
            0.3,
            0.305,
            0.305,
            0.31,
            0.31,
            0.3125,
            0.3125,
            0.32,
            0.32,
            0.325,
            0.325,
            0.3275,
            0.3275,
            0.33,
            0.33,
            0.335,
            0.335,
            0.3375,
            0.3375,
            0.34,
            0.34,
            0.355,
            0.355,
            0.36,
            0.36,
            0.3725,
            0.3725,
            0.41,
            0.41,
            0.43,
            0.43,
            0.4375,
            0.4375,
            0.445,
            0.445,
            0.45,
            0.45,
            0.45,
            0.4525,
            0.4525,
            0.455,
            0.455,
            0.465,
            0.465,
            0.475,
            0.475,
            0.4775,
            0.4775,
            0.48,
            0.48,
            0.49,
            0.49,
            0.5,
            0.5,
            0.5075,
            0.5075,
            0.52,
            0.52,
            0.525,
            0.525,
            0.5325,
            0.5325,
            0.5375,
            0.5375,
            0.5475,
            0.5475,
            0.56,
            0.56,
            0.5925,
            0.5925,
            0.5975,
            0.5975,
            0.605,
            0.605,
            0.61,
            0.61,
            0.615,
            0.615,
            0.6525,
            0.6525,
            0.655,
            0.655,
            0.6825,
            0.6825,
            0.6925,
            0.6925,
            0.705,
            0.705,
            0.7075,
            0.7075,
            0.7225,
            0.7225,
            0.74,
            0.74,
            0.75,
            0.75,
            0.7575,
            0.7575,
            0.7725,
            0.7725,
            0.7775,
            0.7775,
            0.81,
            0.81,
            0.825,
            0.825,
            0.8525,
            0.8525,
            0.86,
            0.86,
            0.865,
            0.865,
            0.88,
            0.88,
            0.885,
            0.885,
            0.89,
            0.89,
            0.895,
            0.895,
            0.9275,
            0.9275,
            0.93,
            0.93,
            0.9725,
            0.9725,
            0.975,
            0.975,
            1.0
        ],