{
    "device": "cuda",
    "inference_time": 0.10797160863876343,
    "kfold": {
        "acc": 0.65,
        "th": 0.48811614513397217
    },
    "roc": {
        "auc": 0.8071187500000001,
        "th": 0.4955836534500122,
        "acc": 0.7325,
        "fpr": [
            0.0,
            0.0,
            0.0,
            0.0025,
            0.0025,
            0.005,
            0.005,
            0.0075,
            0.0075,
            0.01,
            0.01,
            0.0125,
            0.0125,
            0.015,
            0.015,
            0.0175,
            0.0175,
            0.02,
            0.02,
            0.0225,
            0.0225,
            0.025,
            0.025,
            0.0275,
            0.0275,
            0.03,
            0.03,
            0.0325,
            0.0325,
            0.035,
            0.035,
            0.0375,
            0.0375,
            0.04,
            0.04,
            0.0425,
            0.0425,
            0.045,
            0.045,
            0.0475,
            0.0475,
            0.05,
            0.05,
            0.0525,
            0.0525,
            0.055,
            0.055,
            0.0575,
            0.0575,
            0.06,
            0.06,
            0.0625,
            0.0625,
            0.065,
            0.065,
            0.0675,
            0.0675,
            0.0725,
            0.0725,
            0.0775,
            0.0775,
            0.0875,
            0.0875,
            0.09,
            0.09,
            0.0925,
            0.0925,
            0.095,
            0.095,
            0.0975,
            0.0975,
            0.1025,
            0.1025,
            0.105,
            0.105,
            0.1075,
            0.1075,
            0.115,
            0.115,
            0.1175,
            0.1175,
            0.13,
            0.13,
            0.1325,
            0.1325,
            0.135,
            0.135,
            0.14,
            0.14,
            0.1425,
            0.1425,
            0.145,
            0.145,
            0.1475,
            0.1475,
            0.1525,
            0.1525,
            0.155,
            0.155,
            0.1575,
            0.1575,
            0.1625,
            0.1625,
            0.1675,
            0.1675,
            0.17,
            0.17,
            0.1725,
            0.1725,
            0.175,
            0.175,
            0.1775,
            0.1775,
            0.18,
            0.18,
            0.1825,
            0.1825,
            0.185,
            0.185,
            0.1875,
            0.1875,
            0.19,
            0.19,
            0.1925,
            0.1925,
            0.195,
            0.195,
            0.1975,
            0.1975,
            0.205,
            0.205,
            0.2075,
            0.2075,
            0.21,
            0.21,
            0.2125,
            0.2125,
            0.215,
            0.215,
            0.22,
            0.22,
            0.2325,
            0.2325,
            0.235,
            0.235,
            0.24,
            0.24,
            0.2425,
            0.2425,
            0.2525,
            0.2525,
            0.255,
            0.255,
            0.2575,
            0.2575,
            0.2675,
            0.2675,
            0.27,
            0.27,
            0.2725,
            0.2725,
            0.275,
            0.275,
            0.28,
            0.28,
            0.2825,
            0.2825,
            0.2875,
            0.2875,
            0.29,
            0.29,
            0.295,
            0.295,
            0.2975,
            0.2975,
            0.3,
            0.3,
            0.305,
            0.305,
            0.31,
            0.31,
            0.3125,
            0.3125,
            0.3375,
            0.3375,
            0.3475,
            0.3475,
            0.355,
            0.355,
            0.3575,
            0.3575,
            0.3625,
            0.3625,
            0.3675,
            0.3675,
            0.3725,
            0.3725,
            0.3775,
            0.3775,
            0.38,
            0.38,
            0.39,
            0.39,
            0.3925,
            0.3925,
            0.4,
            0.4,
            0.4075,
            0.4075,
            0.41,
            0.41,
            0.4125,
            0.4125,
            0.4175,
            0.4175,
            0.42,
            0.42,
            0.425,
            0.425,
            0.435,
            0.435,
            0.4375,
            0.4375,
            0.4425,
            0.4425,
            0.445,
            0.445,
            0.45,
            0.45,
            0.455,
            0.455,
            0.4625,
            0.4625,
            0.4875,
            0.4875,
            0.49,
            0.49,
            0.5175,
            0.5175,
            0.53,
            0.53,
            0.5325,
            0.5325,
            0.545,
            0.545,
            0.5525,
            0.5525,
            0.555,
            0.555,
            0.5575,
            0.5575,
            0.575,
            0.575,
            0.6,
            0.6,
            0.605,
            0.605,
            0.615,
            0.615,
            0.63,
            0.63,
            0.6325,
            0.6325,
            0.6375,
            0.6375,
            0.645,
            0.645,
            0.65,
            0.65,
            0.6525,
            0.6525,
            0.6725,
            0.6725,
            0.68,
            0.68,
            0.715,
            0.715,
            0.7175,
            0.7175,
            0.72,
            0.72,
            0.735,
            0.735,
            0.7475,
            0.7475,
            0.75,
            0.75,
            0.81,
            0.81,
            0.8175,
            0.8175,
            0.8275,
            0.8275,
            0.83,
            0.83,
            0.86,
            0.86,
            0.895,
            0.895,
            0.905,
            0.905,
            0.94,
            0.94,
            0.975,
            0.975,
            1.0,
            1.0
        ],