{
    "device": "cuda",
    "inference_time": 0.04398566025954027,
    "kfold": {
        "acc": 0.9869999999999999,
        "th": 0.27990853786468506
    },
    "roc": {
        "auc": 0.9985806666666667,
        "th": 0.2688262462615967,
        "acc": 0.9865,
        "fpr": [
            0.0,
            0.0,
            0.0,
            0.0003333333333333333,
            0.0003333333333333333,
            0.0006666666666666666,
            0.0006666666666666666,
            0.001,
            0.001,
            0.0013333333333333333,
            0.0013333333333333333,
            0.0016666666666666668,
            0.0016666666666666668,
            0.002,
            0.002,
            0.0026666666666666666,
            0.0026666666666666666,
            0.003,
            0.003,
            0.0033333333333333335,
            0.0033333333333333335,
            0.0036666666666666666,
            0.0036666666666666666,
            0.004,
            0.004,
            0.004333333333333333,
            0.004333333333333333,
            0.005,
            0.005,
            0.005333333333333333,
            0.005333333333333333,
            0.005666666666666667,
            0.005666666666666667,
            0.006333333333333333,
            0.006333333333333333,
            0.006666666666666667,
            0.006666666666666667,
            0.007333333333333333,
            0.007333333333333333,
            0.007666666666666666,
            0.007666666666666666,
            0.008,
            0.008,
            0.008333333333333333,
            0.008333333333333333,
            0.008666666666666666,
            0.008666666666666666,
            0.009333333333333334,
            0.009333333333333334,
            0.009666666666666667,
            0.009666666666666667,
            0.01,
            0.01,
            0.010666666666666666,
            0.010666666666666666,
            0.012,
            0.012,
            0.012333333333333333,
            0.012333333333333333,
            0.013666666666666667,
            0.013666666666666667,
            0.014333333333333333,
            0.014333333333333333,
            0.014666666666666666,
            0.014666666666666666,
            0.015333333333333332,
            0.015333333333333332,
            0.016,
            0.016,
            0.016666666666666666,
            0.016666666666666666,
            0.017,
            0.017,
            0.02033333333333333,
            0.02033333333333333,
            0.022333333333333334,
            0.022333333333333334,
            0.029333333333333333,
            0.029333333333333333,
            0.038,
            0.038,
            0.03933333333333333,
            0.03933333333333333,
            0.042,
            0.042,
            0.043,
            0.043,
            0.043333333333333335,
            0.043333333333333335,
            0.044,
            0.044,
            0.045,
            0.045,
            0.04733333333333333,
            0.04733333333333333,
            0.050666666666666665,
            0.050666666666666665,
            0.05633333333333333,
            0.05633333333333333,
            0.06366666666666666,
            0.06366666666666666,
            0.07033333333333333,
            0.07033333333333333,
            0.076,
            0.076,
            0.081,
            0.081,
            0.099,
            0.099,
            0.13966666666666666,
            0.13966666666666666,
            0.14133333333333334,
            0.14133333333333334,
            0.149,
            0.149,
            0.16333333333333333,
            0.16333333333333333,
            0.234,
            0.234,
            0.2613333333333333,
            0.2613333333333333,
            0.2876666666666667,
            0.2876666666666667,
            0.41833333333333333,
            0.41833333333333333,
            0.761,
            0.761,
            1.0
        ],
        "tpr": [
            0.0,
            0.0003333333333333333,
            0.847,
            0.847,
            0.937,
            0.937,
            0.9553333333333334,
            0.9553333333333334,
            0.958,
            0.958,
            0.9616666666666667,
            0.9616666666666667,
            0.962,
            0.962,
            0.966,
            0.966,
            0.9683333333333334,
            0.9683333333333334,
            0.9686666666666667,
            0.9686666666666667,
            0.97,
            0.97,
            0.9713333333333334,
            0.9713333333333334,
            0.9746666666666667,
            0.9746666666666667,
            0.977,
            0.977,
            0.9776666666666667,
            0.9776666666666667,
            0.9793333333333333,
            0.9793333333333333,
            0.9796666666666667,
            0.9796666666666667,
            0.98,
            0.98,
            0.9803333333333333,
            0.9803333333333333,
            0.9806666666666667,
            0.9806666666666667,
            0.9823333333333333,
            0.9823333333333333,
            0.9833333333333333,
            0.9833333333333333,
            0.984,
            0.984,
            0.9843333333333333,
            0.9843333333333333,
            0.9846666666666667,
            0.9846666666666667,
            0.985,
            0.985,
            0.9856666666666667,
            0.9856666666666667,
            0.986,
            0.986,
            0.9863333333333333,
            0.9863333333333333,
            0.9866666666666667,
            0.9866666666666667,
            0.987,
            0.987,
            0.9873333333333333,
            0.9873333333333333,
            0.988,
            0.988,
            0.9883333333333333,
            0.9883333333333333,
            0.9886666666666667,
            0.9886666666666667,
            0.989,
            0.989,
            0.9896666666666667,
            0.9896666666666667,
            0.9903333333333333,
            0.9903333333333333,
            0.9906666666666667,
            0.9906666666666667,
            0.9913333333333333,
            0.9913333333333333,
            0.992,
            0.992,
            0.9923333333333333,
            0.9923333333333333,
            0.9926666666666667,
            0.9926666666666667,
            0.993,
            0.993,
            0.9933333333333333,
            0.9933333333333333,
            0.9936666666666667,
            0.9936666666666667,
            0.9943333333333333,
            0.9943333333333333,
            0.9946666666666667,
            0.9946666666666667,
            0.995,
            0.995,
            0.9953333333333333,
            0.9953333333333333,
            0.9956666666666667,
            0.9956666666666667,
            0.996,
            0.996,
            0.9963333333333333,
            0.9963333333333333,
            0.9966666666666667,
            0.9966666666666667,
            0.997,
            0.997,
            0.9973333333333333,
            0.9973333333333333,
            0.9976666666666667,
            0.9976666666666667,
            0.998,
            0.998,
            0.9983333333333333,
            0.9983333333333333,
            0.9986666666666667,
            0.9986666666666667,
            0.999,
            0.999,
            0.9993333333333333,
            0.9993333333333333,
            0.9996666666666667,
            0.9996666666666667,
            1.0,
            1.0
        ],
        "tpr_at_fpr": {
            "1e-06": 0.847,
            "1e-05": 0.847,
            "0.0001": 0.847,
            "0.001": 0.958,
            "0.01": 0.9856666666666667,
            "0.1": 0.997
        }
    }
}