{
    "device": "cuda",
    "inference_time": 0.10604971647262573,
    "kfold": {
        "acc": 0.58,
        "th": 0.1562597155570984
    },
    "roc": {
        "auc": 0.73655,
        "th": 0.14942054450511932,
        "acc": 0.6725,
        "fpr": [
            0.0,
            0.0,
            0.0,
            0.0025,
            0.0025,
            0.0075,
            0.0075,
            0.01,
            0.01,
            0.0125,
            0.0125,
            0.015,
            0.015,
            0.0175,
            0.0175,
            0.02,
            0.02,
            0.0225,
            0.0225,
            0.025,
            0.025,
            0.0275,
            0.0275,
            0.03,
            0.03,
            0.0325,
            0.0325,
            0.035,
            0.035,
            0.04,
            0.04,
            0.0425,
            0.0425,
            0.045,
            0.045,
            0.0475,
            0.0475,
            0.05,
            0.05,
            0.0525,
            0.0525,
            0.055,
            0.055,
            0.0575,
            0.0575,
            0.06,
            0.06,
            0.0625,
            0.0625,
            0.0675,
            0.0675,
            0.07,
            0.07,
            0.0725,
            0.0725,
            0.075,
            0.075,
            0.0775,
            0.0775,
            0.08,
            0.08,
            0.0825,
            0.0825,
            0.085,
            0.085,
            0.0875,
            0.0875,
            0.09,
            0.09,
            0.095,
            0.095,
            0.0975,
            0.0975,
            0.105,
            0.105,
            0.1125,
            0.1125,
            0.115,
            0.115,
            0.12,
            0.12,
            0.125,
            0.125,
            0.1275,
            0.1275,
            0.13,
            0.13,
            0.1325,
            0.1325,
            0.135,
            0.135,
            0.14,
            0.14,
            0.145,
            0.145,
            0.1475,
            0.1475,
            0.15,
            0.15,
            0.1525,
            0.1525,
            0.1575,
            0.1575,
            0.17,
            0.17,
            0.1775,
            0.1775,
            0.18,
            0.18,
            0.1825,
            0.1825,
            0.185,
            0.185,
            0.1925,
            0.1925,
            0.195,
            0.195,
            0.1975,
            0.1975,
            0.2,
            0.2,
            0.2025,
            0.2025,
            0.205,
            0.205,
            0.2075,
            0.2075,
            0.2175,
            0.2175,
            0.2275,
            0.2275,
            0.23,
            0.23,
            0.235,
            0.235,
            0.245,
            0.245,
            0.25,
            0.25,
            0.2525,
            0.2525,
            0.26,
            0.26,
            0.265,
            0.265,
            0.2675,
            0.2675,
            0.27,
            0.27,
            0.2725,
            0.2725,
            0.275,
            0.275,
            0.28,
            0.28,
            0.285,
            0.285,
            0.2875,
            0.2875,
            0.29,
            0.29,
            0.3,
            0.3,
            0.31,
            0.31,
            0.3125,
            0.3125,
            0.3175,
            0.3175,
            0.3275,
            0.3275,
            0.3325,
            0.3325,
            0.34,
            0.34,
            0.3575,
            0.3575,
            0.38,
            0.38,
            0.385,
            0.385,
            0.395,
            0.395,
            0.4,
            0.4,
            0.405,
            0.405,
            0.4175,
            0.4175,
            0.42,
            0.42,
            0.435,
            0.435,
            0.44,
            0.44,
            0.4525,
            0.4525,
            0.4575,
            0.4575,
            0.46,
            0.46,
            0.4675,
            0.4675,
            0.4725,
            0.4725,
            0.475,
            0.475,
            0.4775,
            0.4775,
            0.48,
            0.48,
            0.4825,
            0.4825,
            0.49,
            0.49,
            0.4925,
            0.4925,
            0.4975,
            0.4975,
            0.5,
            0.5,
            0.5025,
            0.5025,
            0.505,
            0.505,
            0.51,
            0.51,
            0.5275,
            0.5275,
            0.53,
            0.53,
            0.5325,
            0.5325,
            0.54,
            0.54,
            0.5425,
            0.5425,
            0.55,
            0.55,
            0.56,
            0.56,
            0.57,
            0.57,
            0.575,
            0.575,
            0.5775,
            0.5775,
            0.5925,
            0.5925,
            0.605,
            0.605,
            0.6175,
            0.6175,
            0.62,
            0.62,
            0.645,
            0.645,
            0.65,
            0.65,
            0.6575,
            0.6575,
            0.665,
            0.665,
            0.67,
            0.67,
            0.6725,
            0.6725,
            0.6775,
            0.6775,
            0.69,
            0.69,
            0.695,
            0.695,
            0.6975,
            0.6975,
            0.7,
            0.7,
            0.7025,
            0.7025,
            0.7075,
            0.7075,
            0.7125,
            0.7125,
            0.73,
            0.73,
            0.755,
            0.755,
            0.7575,
            0.7575,
            0.7725,
            0.7725,
            0.8075,
            0.8075,
            0.8225,
            0.8225,
            0.8275,
            0.8275,
            0.86,
            0.86,
            0.8675,
            0.8675,
            0.88,
            0.88,
            0.885,
            0.885,
            0.8875,
            0.8875,
            0.89,
            0.89,
            0.8925,
            0.8925,
            0.895,
            0.895,
            0.9025,
            0.9025,
            0.9175,
            0.9175,
            0.92,
            0.92,
            0.9225,
            0.9225,
            0.945,
            0.945,
            0.9825,
            0.9825,
            0.985,
            0.985,
            0.9875,
            0.9875,
            0.9925,
            0.9925,
            0.9975,
            0.9975,
            1.0
        ],