epoch,loss,acc
1,28.160043669229687,0.6855
2,26.16986460734004,0.7976666666666666
3,23.936985726029317,0.8588333333333333
4,21.140787313437702,0.8926666666666667
