{
    "device": "cuda",
    "inference_time": 0.09397834539413452,
    "kfold": {
        "acc": 0.8275,
        "th": 0.18155592679977417
    },
    "roc": {
        "auc": 0.90313125,
        "th": 0.16512055695056915,
        "acc": 0.84,
        "fpr": [
            0.0,
            0.0,
            0.0,
            0.0025,
            0.0025,
            0.005,
            0.005,
            0.0075,
            0.0075,
            0.01,
            0.01,
            0.0125,
            0.0125,
            0.015,
            0.015,
            0.0175,
            0.0175,
            0.02,
            0.02,
            0.0225,
            0.0225,
            0.025,
            0.025,
            0.0275,
            0.0275,
            0.0325,
            0.0325,
            0.035,
            0.035,
            0.0375,
            0.0375,
            0.0425,
            0.0425,
            0.045,
            0.045,
            0.0475,
            0.0475,
            0.05,
            0.05,
            0.0525,
            0.0525,
            0.055,
            0.055,
            0.0575,
            0.0575,
            0.0625,
            0.0625,
            0.065,
            0.065,
            0.0675,
            0.0675,
            0.07,
            0.07,
            0.08,
            0.08,
            0.0825,
            0.0825,
            0.085,
            0.085,
            0.0875,
            0.0875,
            0.09,
            0.09,
            0.0925,
            0.0925,
            0.095,
            0.095,
            0.1,
            0.1,
            0.1025,
            0.1025,
            0.1075,
            0.1075,
            0.11,
            0.11,
            0.115,
            0.115,
            0.125,
            0.125,
            0.1425,
            0.1425,
            0.1475,
            0.1475,
            0.15,
            0.15,
            0.155,
            0.155,
            0.16,
            0.16,
            0.1775,
            0.1775,
            0.195,
            0.195,
            0.2,
            0.2,
            0.2175,
            0.2175,
            0.225,
            0.225,
            0.2475,
            0.2475,
            0.27,
            0.27,
            0.2825,
            0.2825,
            0.2975,
            0.2975,
            0.3325,
            0.3325,
            0.3425,
            0.3425,
            0.3575,
            0.3575,
            0.36,
            0.36,
            0.39,
            0.39,
            0.3975,
            0.3975,
            0.4075,
            0.4075,
            0.4275,
            0.4275,
            0.435,
            0.435,
            0.44,
            0.44,
            0.445,
            0.445,
            0.455,
            0.455,
            0.4575,
            0.4575,
            0.4675,
            0.4675,
            0.4775,
            0.4775,
            0.52,
            0.52,
            0.62,
            0.62,
            0.64,
            0.64,
            0.645,
            0.645,
            0.6525,
            0.6525,
            0.66,
            0.66,
            0.6825,
            0.6825,
            0.7,
            0.7,
            0.705,
            0.705,
            0.7225,
            0.7225,
            0.73,
            0.73,
            0.74,
            0.74,
            0.75,
            0.75,
            0.77,
            0.77,
            0.7875,
            0.7875,
            0.7925,
            0.7925,
            0.805,
            0.805,
            0.825,
            0.825,
            0.8325,
            0.8325,
            0.855,
            0.855,
            0.8625,
            0.8625,
            0.8675,
            0.8675,
            0.875,
            0.875,
            0.99,
            0.99,
            1.0
        ],
        "tpr": [
            0.0,
            0.0025,
            0.3825,
            0.3825,
            0.3975,
            0.3975,
            0.4175,
            0.4175,
            0.4325,
            0.4325,
            0.545,
            0.545,
            0.5575,
            0.5575,
            0.565,
            0.565,
            0.5775,
            0.5775,
            0.6125,
            0.6125,
            0.62,
            0.62,
            0.6725,
            0.6725,
            0.68,
            0.68,
            0.7,
            0.7,
            0.7125,
            0.7125,
            0.715,
            0.715,
            0.72,
            0.72,
            0.7275,
            0.7275,
            0.73,
            0.73,
            0.735,
            0.735,
            0.7375,
            0.7375,
            0.7425,
            0.7425,
            0.755,
            0.755,
            0.7575,
            0.7575,
            0.765,
            0.765,
            0.7675,
            0.7675,
            0.77,
            0.77,
            0.7725,
            0.7725,
            0.775,
            0.775,
            0.78,
            0.78,
            0.7825,
            0.7825,
            0.785,
            0.785,
            0.79,
            0.79,
            0.795,
            0.795,
            0.8,
            0.8,
            0.8075,
            0.8075,
            0.8125,
            0.8125,
            0.815,
            0.815,
            0.82,
            0.82,
            0.8225,
            0.8225,
            0.83,
            0.83,
            0.8325,
            0.8325,
            0.835,
            0.835,
            0.84,
            0.84,
            0.8425,
            0.8425,
            0.8475,
            0.8475,
            0.855,
            0.855,
            0.8575,
            0.8575,
            0.8625,
            0.8625,
            0.865,
            0.865,
            0.87,
            0.87,
            0.8775,
            0.8775,
            0.88,
            0.88,
            0.8825,
            0.8825,
            0.8875,
            0.8875,
            0.8925,
            0.8925,
            0.895,
            0.895,
            0.8975,
            0.8975,
            0.905,
            0.905,
            0.9075,
            0.9075,
            0.9125,
            0.9125,
            0.915,
            0.915,
            0.9175,
            0.9175,
            0.92,
            0.92,
            0.9225,
            0.9225,
            0.925,
            0.925,
            0.9275,
            0.9275,
            0.93,
            0.93,
            0.9325,
            0.9325,
            0.935,
            0.935,
            0.9375,
            0.9375,
            0.94,
            0.94,
            0.9425,
            0.9425,
            0.945,
            0.945,
            0.9475,
            0.9475,
            0.95,
            0.95,
            0.9525,
            0.9525,
            0.955,
            0.955,
            0.9575,
            0.9575,
            0.96,
            0.96,
            0.9625,
            0.9625,
            0.97,
            0.97,
            0.9725,
            0.9725,
            0.975,
            0.975,
            0.9775,
            0.9775,
            0.98,
            0.98,
            0.985,
            0.985,
            0.9875,
            0.9875,
            0.99,
            0.99,
            0.9925,
            0.9925,
            0.995,
            0.995,
            0.9975,
            0.9975,
            1.0,
            1.0
        ],
        "tpr_at_fpr": {
            "1e-06": 0.3825,
            "1e-05": 0.3825,
            "0.0001": 0.3825,
            "0.001": 0.3825,
            "0.01": 0.545,
            "0.1": 0.8
        }
    }
}