{
    "device": "cuda",
    "inference_time": 0.02620968222618103,
    "kfold": {
        "acc": 0.9963333333333333,
        "th": 0.2824757397174835
    },
    "roc": {
        "auc": 0.998827888888889,
        "th": 0.2614714503288269,
        "acc": 0.9966666666666667,
        "fpr": [
            0.0,
            0.0,
            0.0,
            0.0003333333333333333,
            0.0003333333333333333,
            0.0006666666666666666,
            0.0006666666666666666,
            0.001,
            0.001,
            0.0013333333333333333,
            0.0013333333333333333,
            0.0023333333333333335,
            0.0023333333333333335,
            0.011,
            0.011,
            0.021,
            0.021,
            0.034666666666666665,
            0.034666666666666665,
            0.041,
            0.041,
            0.04133333333333333,
            0.04133333333333333,
            0.055,
            0.055,
            0.074,
            0.074,
            0.381,
            0.381,
            0.38233333333333336,
            0.38233333333333336,
            0.455,
            0.455,
            0.6306666666666667,
            0.6306666666666667,
            0.6393333333333333,
            0.6393333333333333,
            0.7423333333333333,
            0.7423333333333333,
            1.0
        ],
        "tpr": [
            0.0,
            0.0003333333333333333,
            0.9923333333333333,
            0.9923333333333333,
            0.994,
            0.994,
            0.9946666666666667,
            0.9946666666666667,
            0.995,
            0.995,
            0.9953333333333333,
            0.9953333333333333,
            0.9956666666666667,
            0.9956666666666667,
            0.996,
            0.996,
            0.9963333333333333,
            0.9963333333333333,
            0.9966666666666667,
            0.9966666666666667,
            0.997,
            0.997,
            0.9973333333333333,
            0.9973333333333333,
            0.9976666666666667,
            0.9976666666666667,
            0.998,
            0.998,
            0.9983333333333333,
            0.9983333333333333,
            0.9986666666666667,
            0.9986666666666667,
            0.999,
            0.999,
            0.9993333333333333,
            0.9993333333333333,
            0.9996666666666667,
            0.9996666666666667,
            1.0,
            1.0
        ],
        "tpr_at_fpr": {
            "1e-06": 0.9923333333333333,
            "1e-05": 0.9923333333333333,
            "0.0001": 0.9923333333333333,
            "0.001": 0.995,
            "0.01": 0.996,
            "0.1": 0.998
        }
    }
}