{
    "device": "cuda",
    "inference_time": 0.09348070621490479,
    "kfold": {
        "acc": 0.51,
        "th": 0.19813479483127594
    },
    "roc": {
        "auc": 0.7040875,
        "th": 0.14379176497459412,
        "acc": 0.64,
        "fpr": [
            0.0,
            0.0,
            0.0,
            0.0,
            0.0,
            0.0,
            0.0,
            0.0025,
            0.0025,
            0.0025,
            0.0025,
            0.0025,
            0.0025,
            0.0025,
            0.0025,
            0.005,
            0.005,
            0.0075,
            0.0075,
            0.0075,
            0.0075,
            0.01,
            0.01,
            0.0125,
            0.0125,
            0.015,
            0.015,
            0.02,
            0.02,
            0.025,
            0.025,
            0.0275,
            0.0275,
            0.0275,
            0.0275,
            0.03,
            0.03,
            0.0325,
            0.0325,
            0.0425,
            0.0425,
            0.045,
            0.045,
            0.0525,
            0.0525,
            0.055,
            0.055,
            0.0575,
            0.0575,
            0.06,
            0.06,
            0.0675,
            0.0675,
            0.07,
            0.07,
            0.075,
            0.075,
            0.0775,
            0.0775,
            0.09,
            0.09,
            0.0925,
            0.0925,
            0.105,
            0.105,
            0.11,
            0.11,
            0.115,
            0.115,
            0.12,
            0.12,
            0.1275,
            0.1275,
            0.13,
            0.13,
            0.1325,
            0.1325,
            0.135,
            0.135,
            0.1375,
            0.1375,
            0.14,
            0.14,
            0.1425,
            0.1425,
            0.145,
            0.145,
            0.145,
            0.15,
            0.15,
            0.1525,
            0.1525,
            0.16,
            0.16,
            0.1625,
            0.1625,
            0.1675,
            0.1675,
            0.17,
            0.17,
            0.1725,
            0.1725,
            0.175,
            0.175,
            0.1775,
            0.1775,
            0.18,
            0.18,
            0.1875,
            0.1875,
            0.19,
            0.19,
            0.1925,
            0.1925,
            0.1975,
            0.1975,
            0.2,
            0.2,
            0.2025,
            0.2025,
            0.2075,
            0.2075,
            0.21,
            0.21,
            0.215,
            0.215,
            0.2225,
            0.2225,
            0.2225,
            0.225,
            0.225,
            0.2375,
            0.2375,
            0.2375,
            0.24,
            0.24,
            0.2525,
            0.2525,
            0.2575,
            0.2575,
            0.26,
            0.26,
            0.2625,
            0.2625,
            0.2775,
            0.2775,
            0.2875,
            0.2875,
            0.3,
            0.3,
            0.305,
            0.305,
            0.3125,
            0.3125,
            0.315,
            0.315,
            0.3175,
            0.3175,
            0.32,
            0.32,
            0.3225,
            0.3225,
            0.325,
            0.325,
            0.33,
            0.33,
            0.345,
            0.345,
            0.35,
            0.35,
            0.355,
            0.355,
            0.36,
            0.36,
            0.3625,
            0.3625,
            0.3675,
            0.3675,
            0.37,
            0.37,
            0.38,
            0.38,
            0.39,
            0.39,
            0.3925,
            0.3925,
            0.3975,
            0.3975,
            0.4025,
            0.4025,
            0.4075,
            0.4075,
            0.41,
            0.41,
            0.4125,
            0.4125,
            0.415,
            0.415,
            0.415,
            0.425,
            0.425,
            0.4275,
            0.4275,
            0.43,
            0.43,
            0.4375,
            0.4375,
            0.4425,
            0.4425,
            0.4475,
            0.4475,
            0.45,
            0.45,
            0.455,
            0.455,
            0.4625,
            0.4625,
            0.465,
            0.465,
            0.475,
            0.475,
            0.4925,
            0.4925,
            0.495,
            0.495,
            0.495,
            0.495,
            0.505,
            0.505,
            0.5125,
            0.5125,
            0.5225,
            0.5225,
            0.54,
            0.54,
            0.5425,
            0.5425,
            0.55,
            0.55,
            0.55,
            0.56,
            0.56,
            0.58,
            0.58,
            0.585,
            0.585,
            0.59,
            0.59,
            0.5975,
            0.5975,
            0.6075,
            0.6075,
            0.6125,
            0.6125,
            0.615,
            0.615,
            0.6225,
            0.6225,
            0.6275,
            0.6275,
            0.6325,
            0.6325,
            0.6375,
            0.6375,
            0.65,
            0.65,
            0.655,
            0.655,
            0.6575,
            0.6575,
            0.66,
            0.66,
            0.6625,
            0.6625,
            0.665,
            0.665,
            0.6725,
            0.6725,
            0.69,
            0.69,
            0.705,
            0.705,
            0.7125,
            0.7125,
            0.715,
            0.715,
            0.725,
            0.725,
            0.74,
            0.74,
            0.745,
            0.745,
            0.7525,
            0.7525,
            0.77,
            0.77,
            0.82,
            0.82,
            0.8225,
            0.8225,
            0.825,
            0.825,
            0.8325,
            0.8325,
            0.8375,
            0.8375,
            0.845,
            0.845,
            0.8475,
            0.8475,
            0.85,
            0.85,
            0.8625,
            0.8625,
            0.865,
            0.865,
            0.8675,
            0.8675,
            0.87,
            0.87,
            0.88,
            0.88,
            0.885,
            0.885,
            0.89,
            0.89,
            0.8975,
            0.8975,
            0.8975,
            0.8975,
            0.9,
            0.9,
            0.905,
            0.905,
            0.905,
            0.905,
            0.915,
            0.915,
            0.925,
            0.925,
            0.94,
            0.94,
            0.9425,
            0.9425,
            0.945,
            0.945,
            0.955,
            0.955,
            0.9575,
            0.9575,
            0.9625,
            0.9625,
            0.9825,
            0.9825,
            0.99,
            0.99,
            1.0
        ],