{
    "device": "cuda",
    "inference_time": 0.09542489051818848,
    "kfold": {
        "acc": 0.35624999999999996,
        "th": 0.000998993287794292
    },
    "roc": {
        "auc": 0.66731875,
        "th": 0.04767093434929848,
        "acc": 0.5975,
        "fpr": [
            0.0,
            0.0,
            0.0,
            0.0025,
            0.0025,
            0.005,
            0.005,
            0.0075,
            0.0075,
            0.01,
            0.01,
            0.015,
            0.015,
            0.0175,
            0.0175,
            0.02,
            0.02,
            0.0225,
            0.0225,
            0.025,
            0.025,
            0.0325,
            0.0325,
            0.045,
            0.045,
            0.0475,
            0.0475,
            0.0525,
            0.0525,
            0.0575,
            0.0575,
            0.06,
            0.06,
            0.0625,
            0.0625,
            0.065,
            0.065,
            0.0675,
            0.0675,
            0.07,
            0.07,
            0.0725,
            0.0725,
            0.0775,
            0.0775,
            0.0825,
            0.0825,
            0.0875,
            0.0875,
            0.09,
            0.09,
            0.095,
            0.095,
            0.0975,
            0.0975,
            0.1,
            0.1,
            0.1025,
            0.1025,
            0.11,
            0.11,
            0.1125,
            0.1125,
            0.1175,
            0.1175,
            0.12,
            0.12,
            0.125,
            0.125,
            0.1275,
            0.1275,
            0.13,
            0.13,
            0.1325,
            0.1325,
            0.135,
            0.135,
            0.145,
            0.145,
            0.1475,
            0.1475,
            0.15,
            0.15,
            0.1575,
            0.1575,
            0.16,
            0.16,
            0.1625,
            0.1625,
            0.1675,
            0.1675,
            0.175,
            0.175,
            0.1775,
            0.1775,
            0.19,
            0.19,
            0.1925,
            0.1925,
            0.195,
            0.195,
            0.1975,
            0.1975,
            0.2025,
            0.2025,
            0.205,
            0.205,
            0.215,
            0.215,
            0.22,
            0.22,
            0.225,
            0.225,
            0.23,
            0.23,
            0.235,
            0.235,
            0.24,
            0.24,
            0.2425,
            0.2425,
            0.255,
            0.255,
            0.2575,
            0.2575,
            0.26,
            0.26,
            0.2675,
            0.2675,
            0.27,
            0.27,
            0.2725,
            0.2725,
            0.28,
            0.28,
            0.2825,
            0.2825,
            0.285,
            0.285,
            0.3025,
            0.3025,
            0.305,
            0.305,
            0.3075,
            0.3075,
            0.3125,
            0.3125,
            0.315,
            0.315,
            0.325,
            0.325,
            0.3325,
            0.3325,
            0.355,
            0.355,
            0.3575,
            0.3575,
            0.365,
            0.365,
            0.3775,
            0.3775,
            0.38,
            0.38,
            0.39,
            0.39,
            0.3925,
            0.3925,
            0.3975,
            0.3975,
            0.4025,
            0.4025,
            0.405,
            0.405,
            0.41,
            0.41,
            0.415,
            0.415,
            0.4175,
            0.4175,
            0.42,
            0.42,
            0.4225,
            0.4225,
            0.425,
            0.425,
            0.43,
            0.43,
            0.4325,
            0.4325,
            0.4475,
            0.4475,
            0.455,
            0.455,
            0.4575,
            0.4575,
            0.465,
            0.465,
            0.4675,
            0.4675,
            0.4725,
            0.4725,
            0.4825,
            0.4825,
            0.49,
            0.49,
            0.4925,
            0.4925,
            0.4975,
            0.4975,
            0.51,
            0.51,
            0.5125,
            0.5125,
            0.5175,
            0.5175,
            0.53,
            0.53,
            0.535,
            0.535,
            0.5425,
            0.5425,
            0.545,
            0.545,
            0.555,
            0.555,
            0.5575,
            0.5575,
            0.56,
            0.56,
            0.565,
            0.565,
            0.5675,
            0.5675,
            0.57,
            0.57,
            0.5775,
            0.5775,
            0.58,
            0.58,
            0.585,
            0.585,
            0.5875,
            0.5875,
            0.5925,
            0.5925,
            0.605,
            0.605,
            0.61,
            0.61,
            0.615,
            0.615,
            0.6175,
            0.6175,
            0.625,
            0.625,
            0.64,
            0.64,
            0.6475,
            0.6475,
            0.6575,
            0.6575,
            0.66,
            0.66,
            0.67,
            0.67,
            0.6725,
            0.6725,
            0.68,
            0.68,
            0.6825,
            0.6825,
            0.7125,
            0.7125,
            0.72,
            0.72,
            0.73,
            0.73,
            0.735,
            0.735,
            0.7425,
            0.7425,
            0.7525,
            0.7525,
            0.7625,
            0.7625,
            0.775,
            0.775,
            0.7875,
            0.7875,
            0.79,
            0.79,
            0.7925,
            0.7925,
            0.7975,
            0.7975,
            0.8,
            0.8,
            0.8075,
            0.8075,
            0.81,
            0.81,
            0.8125,
            0.8125,
            0.815,
            0.815,
            0.8225,
            0.8225,
            0.8475,
            0.8475,
            0.855,
            0.855,
            0.8625,
            0.8625,
            0.865,
            0.865,
            0.8675,
            0.8675,
            0.875,
            0.875,
            0.8875,
            0.8875,
            0.8925,
            0.8925,
            0.8975,
            0.8975,
            0.905,
            0.905,
            0.91,
            0.91,
            0.915,
            0.915,
            0.9275,
            0.9275,
            0.9475,
            0.9475,
            0.95,
            0.95,
            0.96,
            0.96,
            0.9625,
            0.9625,
            0.9675,
            0.9675,
            0.975,
            0.975,
            0.985,
            0.985,
            0.9925,
            0.9925,
            0.9975,
            0.9975,
            1.0,
            1.0
        ],