{
    "device": "cuda",
    "inference_time": 0.03002662842090313,
    "kfold": {
        "acc": 0.9640000000000001,
        "th": 0.2714824378490448
    },
    "roc": {
        "auc": 0.991057,
        "th": 0.2543010413646698,
        "acc": 0.9626666666666667,
        "fpr": [
            0.0,
            0.0,
            0.0,
            0.0003333333333333333,
            0.0003333333333333333,
            0.0006666666666666666,
            0.0006666666666666666,
            0.001,
            0.001,
            0.0013333333333333333,
            0.0013333333333333333,
            0.0016666666666666668,
            0.0016666666666666668,
            0.002,
            0.002,
            0.0023333333333333335,
            0.0023333333333333335,
            0.0026666666666666666,
            0.0026666666666666666,
            0.003,
            0.003,
            0.0033333333333333335,
            0.0033333333333333335,
            0.0036666666666666666,
            0.0036666666666666666,
            0.004,
            0.004,
            0.004666666666666667,
            0.004666666666666667,
            0.005,
            0.005,
            0.005333333333333333,
            0.005333333333333333,
            0.005666666666666667,
            0.005666666666666667,
            0.006,
            0.006,
            0.006333333333333333,
            0.006333333333333333,
            0.006666666666666667,
            0.006666666666666667,
            0.007666666666666666,
            0.007666666666666666,
            0.008,
            0.008,
            0.008333333333333333,
            0.008333333333333333,
            0.009,
            0.009,
            0.009333333333333334,
            0.009333333333333334,
            0.01,
            0.01,
            0.010666666666666666,
            0.010666666666666666,
            0.011,
            0.011,
            0.011333333333333334,
            0.011333333333333334,
            0.011666666666666667,
            0.011666666666666667,
            0.012,
            0.012,
            0.012666666666666666,
            0.012666666666666666,
            0.013,
            0.013,
            0.013333333333333334,
            0.013333333333333334,
            0.013666666666666667,
            0.013666666666666667,
            0.014666666666666666,
            0.014666666666666666,
            0.015,
            0.015,
            0.015333333333333332,
            0.015333333333333332,
            0.015666666666666666,
            0.015666666666666666,
            0.016,
            0.016,
            0.017,
            0.017,
            0.017333333333333333,
            0.017333333333333333,
            0.018,
            0.018,
            0.019666666666666666,
            0.019666666666666666,
            0.02033333333333333,
            0.02033333333333333,
            0.020666666666666667,
            0.020666666666666667,
            0.021666666666666667,
            0.021666666666666667,
            0.022333333333333334,
            0.022333333333333334,
            0.02266666666666667,
            0.02266666666666667,
            0.023,
            0.023,
            0.023666666666666666,
            0.023666666666666666,
            0.024,
            0.024,
            0.024333333333333332,
            0.024333333333333332,
            0.024666666666666667,
            0.024666666666666667,
            0.025,
            0.025,
            0.025333333333333333,
            0.025333333333333333,
            0.025666666666666667,
            0.025666666666666667,
            0.026333333333333334,
            0.026333333333333334,
            0.02666666666666667,
            0.02666666666666667,
            0.027666666666666666,
            0.027666666666666666,
            0.028,
            0.028,
            0.029,
            0.029,
            0.029666666666666668,
            0.029666666666666668,
            0.03,
            0.03,
            0.030333333333333334,
            0.030333333333333334,
            0.03133333333333333,
            0.03133333333333333,
            0.03233333333333333,
            0.03233333333333333,
            0.033,
            0.033,
            0.033666666666666664,
            0.033666666666666664,
            0.034,
            0.034,
            0.034333333333333334,
            0.034333333333333334,
            0.035,
            0.035,
            0.037,
            0.037,
            0.037333333333333336,
            0.037333333333333336,
            0.03766666666666667,
            0.03766666666666667,
            0.03933333333333333,
            0.03933333333333333,
            0.04133333333333333,
            0.04133333333333333,
            0.042,
            0.042,
            0.042666666666666665,
            0.042666666666666665,
            0.04566666666666667,
            0.04566666666666667,
            0.04633333333333333,
            0.04633333333333333,
            0.04733333333333333,
            0.04733333333333333,
            0.04766666666666667,
            0.04766666666666667,
            0.049,
            0.049,
            0.04933333333333333,
            0.04933333333333333,
            0.050666666666666665,
            0.050666666666666665,
            0.051,
            0.051,
            0.052,
            0.052,
            0.05433333333333333,
            0.05433333333333333,
            0.05466666666666667,
            0.05466666666666667,
            0.05533333333333333,
            0.05533333333333333,
            0.05733333333333333,
            0.05733333333333333,
            0.058666666666666666,
            0.058666666666666666,
            0.059333333333333335,
            0.059333333333333335,
            0.06,
            0.06,
            0.06133333333333333,
            0.06133333333333333,
            0.06233333333333333,
            0.06233333333333333,
            0.065,
            0.065,
            0.06666666666666667,
            0.06666666666666667,
            0.076,
            0.076,
            0.07666666666666666,
            0.07666666666666666,
            0.07766666666666666,
            0.07766666666666666,
            0.07866666666666666,
            0.07866666666666666,
            0.079,
            0.079,
            0.08233333333333333,
            0.08233333333333333,
            0.08266666666666667,
            0.08266666666666667,
            0.08466666666666667,
            0.08466666666666667,
            0.08633333333333333,
            0.08633333333333333,
            0.087,
            0.087,
            0.09833333333333333,
            0.09833333333333333,
            0.09966666666666667,
            0.09966666666666667,
            0.10033333333333333,
            0.10033333333333333,
            0.10666666666666667,
            0.10666666666666667,
            0.123,
            0.123,
            0.12433333333333334,
            0.12433333333333334,
            0.131,
            0.131,
            0.13233333333333333,
            0.13233333333333333,
            0.133,
            0.133,
            0.13966666666666666,
            0.13966666666666666,
            0.14,
            0.14,
            0.14833333333333334,
            0.14833333333333334,
            0.15033333333333335,
            0.15033333333333335,
            0.15766666666666668,
            0.15766666666666668,
            0.17066666666666666,
            0.17066666666666666,
            0.172,
            0.172,
            0.17366666666666666,
            0.17366666666666666,
            0.18333333333333332,
            0.18333333333333332,
            0.18766666666666668,
            0.18766666666666668,
            0.188,
            0.188,
            0.194,
            0.194,
            0.19466666666666665,
            0.19466666666666665,
            0.19933333333333333,
            0.19933333333333333,
            0.20033333333333334,
            0.20033333333333334,
            0.205,
