{
    "device": "cuda",
    "inference_time": 0.028706816526559684,
    "kfold": {
        "acc": 0.9654999999999999,
        "th": 0.15617668628692627
    },
    "roc": {
        "auc": 0.9914247777777779,
        "th": 0.15683992207050323,
        "acc": 0.9666666666666667,
        "fpr": [
            0.0,
            0.0,
            0.0,
            0.0,
            0.0,
            0.0003333333333333333,
            0.0003333333333333333,
            0.0006666666666666666,
            0.0006666666666666666,
            0.001,
            0.001,
            0.0013333333333333333,
            0.0013333333333333333,
            0.0016666666666666668,
            0.0016666666666666668,
            0.002,
            0.002,
            0.0023333333333333335,
            0.0023333333333333335,
            0.003,
            0.003,
            0.0033333333333333335,
            0.0033333333333333335,
            0.0036666666666666666,
            0.0036666666666666666,
            0.004,
            0.004,
            0.004333333333333333,
            0.004333333333333333,
            0.004666666666666667,
            0.004666666666666667,
            0.005,
            0.005,
            0.005666666666666667,
            0.005666666666666667,
            0.006333333333333333,
            0.006333333333333333,
            0.006666666666666667,
            0.006666666666666667,
            0.007,
            0.007,
            0.007333333333333333,
            0.007333333333333333,
            0.007666666666666666,
            0.007666666666666666,
            0.008,
            0.008,
            0.008333333333333333,
            0.008333333333333333,
            0.008666666666666666,
            0.008666666666666666,
            0.009,
            0.009,
            0.009333333333333334,
            0.009333333333333334,
            0.009666666666666667,
            0.009666666666666667,
            0.01,
            0.01,
            0.010333333333333333,
            0.010333333333333333,
            0.011,
            0.011,
            0.011333333333333334,
            0.011333333333333334,
            0.012,
            0.012,
            0.012333333333333333,
            0.012333333333333333,
            0.013,
            0.013,
            0.014333333333333333,
            0.014333333333333333,
            0.014666666666666666,
            0.014666666666666666,
            0.015666666666666666,
            0.015666666666666666,
            0.016666666666666666,
            0.016666666666666666,
            0.017,
            0.017,
            0.017333333333333333,
            0.017333333333333333,
            0.017666666666666667,
            0.017666666666666667,
            0.018333333333333333,
            0.018333333333333333,
            0.019,
            0.019,
            0.019333333333333334,
            0.019333333333333334,
            0.020666666666666667,
            0.020666666666666667,
            0.021,
            0.021,
            0.021333333333333333,
            0.021333333333333333,
            0.021666666666666667,
            0.021666666666666667,
            0.022,
            0.022,
            0.02266666666666667,
            0.02266666666666667,
            0.023,
            0.023,
            0.023666666666666666,
            0.023666666666666666,
            0.024333333333333332,
            0.024333333333333332,
            0.024666666666666667,
            0.024666666666666667,
            0.025,
            0.025,
            0.025666666666666667,
            0.025666666666666667,
            0.027,
            0.027,
            0.027333333333333334,
            0.027333333333333334,
            0.027666666666666666,
            0.027666666666666666,
            0.028,
            0.028,
            0.028333333333333332,
            0.028333333333333332,
            0.028666666666666667,
            0.028666666666666667,
            0.029333333333333333,
            0.029333333333333333,
            0.029666666666666668,
            0.029666666666666668,
            0.030333333333333334,
            0.030333333333333334,
            0.030666666666666665,
            0.030666666666666665,
            0.031,
            0.031,
            0.033,
            0.033,
            0.03333333333333333,
            0.03333333333333333,
            0.034,
            0.034,
            0.037333333333333336,
            0.037333333333333336,
            0.038,
            0.038,
            0.04066666666666666,
            0.04066666666666666,
            0.041666666666666664,
            0.041666666666666664,
            0.043333333333333335,
            0.043333333333333335,
            0.04833333333333333,
            0.04833333333333333,
            0.048666666666666664,
            0.048666666666666664,
            0.049,
            0.049,
            0.04933333333333333,
            0.04933333333333333,
            0.050333333333333334,
            0.050333333333333334,
            0.051,
            0.051,
            0.052,
            0.052,
            0.053,
            0.053,
            0.056666666666666664,
            0.056666666666666664,
            0.057666666666666665,
            0.057666666666666665,
            0.058333333333333334,
            0.058333333333333334,
            0.059666666666666666,
            0.059666666666666666,
            0.06066666666666667,
            0.06066666666666667,
            0.062,
            0.062,
            0.068,
            0.068,
            0.07233333333333333,
            0.07233333333333333,
            0.07333333333333333,
            0.07333333333333333,
            0.07666666666666666,
            0.07666666666666666,
            0.08033333333333334,
            0.08033333333333334,
            0.08133333333333333,
            0.08133333333333333,
            0.08233333333333333,
            0.08233333333333333,
            0.084,
            0.084,
            0.086,
            0.086,
            0.08833333333333333,
            0.08833333333333333,
            0.09366666666666666,
            0.09366666666666666,
            0.09433333333333334,
            0.09433333333333334,
            0.098,
            0.098,
            0.09833333333333333,
            0.09833333333333333,
            0.099,
            0.099,
            0.101,
            0.101,
            0.10533333333333333,
            0.10533333333333333,
            0.10733333333333334,
            0.10733333333333334,
            0.109,
            0.109,
            0.111,
            0.111,
            0.11266666666666666,
            0.11266666666666666,
            0.116,
            0.116,
            0.12366666666666666,
            0.12366666666666666,
            0.12433333333333334,
            0.12433333333333334,
            0.126,
            0.126,
            0.13033333333333333,
            0.13033333333333333,
            0.13433333333333333,
            0.13433333333333333,
            0.13533333333333333,
            0.13533333333333333,
            0.13733333333333334,
            0.13733333333333334,
            0.14,
            0.14,
            0.14166666666666666,
            0.14166666666666666,
            0.14433333333333334,
            0.14433333333333334,
            0.15033333333333335,
            0.15033333333333335,
            0.151,
            0.151,
            0.16533333333333333,
            0.16533333333333333,
            0.18733333333333332,
            0.18733333333333332,
            0.19466666666666665,
            0.19466666666666665,
            0.201,
            0.201,
            0.219,
            0.219,
            0.247,
            0.247,
            0.25066666666666665,
            0.25066666666666665,
            0.25333333333333335,
            0.25333333333333335,
            0.257,
            0.257,
            0.2643333333333333,
            0.2643333333333333,
            0.2876666666666667,
