{
    "device": "cuda",
    "inference_time": 0.04134682508615347,
    "kfold": {
        "acc": 0.9938333333333335,
        "th": 0.26977068185806274
    },
    "roc": {
        "auc": 0.9989467777777777,
        "th": 0.24688410758972168,
        "acc": 0.993,
        "fpr": [
            0.0,
            0.0,
            0.0,
            0.0003333333333333333,
            0.0003333333333333333,
            0.0006666666666666666,
            0.0006666666666666666,
            0.001,
            0.001,
            0.0013333333333333333,
            0.0013333333333333333,
            0.0016666666666666668,
            0.0016666666666666668,
            0.0023333333333333335,
            0.0023333333333333335,
            0.0026666666666666666,
            0.0026666666666666666,
            0.0033333333333333335,
            0.0033333333333333335,
            0.0036666666666666666,
            0.0036666666666666666,
            0.004333333333333333,
            0.004333333333333333,
            0.005333333333333333,
            0.005333333333333333,
            0.007,
            0.007,
            0.007333333333333333,
            0.007333333333333333,
            0.008,
            0.008,
            0.009,
            0.009,
            0.014333333333333333,
            0.014333333333333333,
            0.015,
            0.015,
            0.018,
            0.018,
            0.021,
            0.021,
            0.021666666666666667,
            0.021666666666666667,
            0.028,
            0.028,
            0.034666666666666665,
            0.034666666666666665,
            0.042333333333333334,
            0.042333333333333334,
            0.045,
            0.045,
            0.04566666666666667,
            0.04566666666666667,
            0.085,
            0.085,
            0.15,
            0.15,
            0.2793333333333333,
            0.2793333333333333,
            0.287,
            0.287,
            0.40166666666666667,
            0.40166666666666667,
            0.6593333333333333,
            0.6593333333333333,
            0.902,
            0.902,
            1.0
        ],
        "tpr": [
            0.0,
            0.0003333333333333333,
            0.9766666666666667,
            0.9766666666666667,
            0.9783333333333334,
            0.9783333333333334,
            0.9843333333333333,
            0.9843333333333333,
            0.9856666666666667,
            0.9856666666666667,
            0.988,
            0.988,
            0.9883333333333333,
            0.9883333333333333,
            0.9896666666666667,
            0.9896666666666667,
            0.9903333333333333,
            0.9903333333333333,
            0.9906666666666667,
            0.9906666666666667,
            0.992,
            0.992,
            0.9923333333333333,
            0.9923333333333333,
            0.9926666666666667,
            0.9926666666666667,
            0.993,
            0.993,
            0.9936666666666667,
            0.9936666666666667,
            0.994,
            0.994,
            0.9943333333333333,
            0.9943333333333333,
            0.9946666666666667,
            0.9946666666666667,
            0.995,
            0.995,
            0.9953333333333333,
            0.9953333333333333,
            0.9956666666666667,
            0.9956666666666667,
            0.996,
            0.996,
            0.9963333333333333,
            0.9963333333333333,
            0.9966666666666667,
            0.9966666666666667,
            0.997,
            0.997,
            0.9973333333333333,
            0.9973333333333333,
            0.9976666666666667,
            0.9976666666666667,
            0.998,
            0.998,
            0.9983333333333333,
            0.9983333333333333,
            0.9986666666666667,
            0.9986666666666667,
            0.999,
            0.999,
            0.9993333333333333,
            0.9993333333333333,
            0.9996666666666667,
            0.9996666666666667,
            1.0,
            1.0
        ],
        "tpr_at_fpr": {
            "1e-06": 0.9766666666666667,
            "1e-05": 0.9766666666666667,
            "0.0001": 0.9766666666666667,
            "0.001": 0.9856666666666667,
            "0.01": 0.9943333333333333,
            "0.1": 0.998
        }
    }
}