{
    "device": "cuda",
    "inference_time": 0.1417505145072937,
    "kfold": {
        "acc": 0.68375,
        "th": 0.31081274151802063
    },
    "roc": {
        "auc": 0.8309187499999999,
        "th": 0.2664007246494293,
        "acc": 0.75,
        "fpr": [
            0.0,
            0.0,
            0.0,
            0.0,
            0.0,
            0.0,
            0.0,
            0.0,
            0.0,
            0.0,
            0.0,
            0.0,
            0.0,
            0.0,
            0.0025,
            0.0025,
            0.0025,
            0.0025,
            0.0025,
            0.0025,
            0.0025,
            0.0025,
            0.0025,
            0.0025,
            0.0025,
            0.0025,
            0.0025,
            0.0025,
            0.005,
            0.005,
            0.005,
            0.005,
            0.005,
            0.005,
            0.0075,
            0.0075,
            0.01,
            0.01,
            0.0125,
            0.0125,
            0.015,
            0.015,
            0.0175,
            0.0175,
            0.02,
            0.02,
            0.0275,
            0.0275,
            0.03,
            0.03,
            0.03,
            0.03,
            0.0325,
            0.0325,
            0.035,
            0.035,
            0.035,
            0.0375,
            0.0375,
            0.04,
            0.04,
            0.0425,
            0.0425,
            0.045,
            0.045,
            0.0475,
            0.0475,
            0.0675,
            0.0675,
            0.07,
            0.07,
            0.075,
            0.075,
            0.0775,
            0.0775,
            0.09,
            0.09,
            0.0925,
            0.0925,
            0.095,
            0.095,
            0.1,
            0.1,
            0.1075,
            0.1075,
            0.11,
            0.11,
            0.1125,
            0.1125,
            0.115,
            0.115,
            0.1225,
            0.1225,
            0.13,
            0.13,
            0.1325,
            0.1325,
            0.1375,
            0.1375,
            0.14,
            0.14,
            0.1475,
            0.1475,
            0.1525,
            0.1525,
            0.155,
            0.155,
            0.1625,
            0.1625,
            0.165,
            0.165,
            0.175,
            0.175,
            0.1775,
            0.1775,
            0.1825,
            0.1825,
            0.185,
            0.185,
            0.1925,
            0.1925,
            0.195,
            0.195,
            0.1975,
            0.1975,
            0.2125,
            0.2125,
            0.2175,
            0.2175,
            0.22,
            0.22,
            0.2275,
            0.2275,
            0.23,
            0.23,
            0.25,
            0.25,
            0.255,
            0.255,
            0.26,
            0.26,
            0.2675,
            0.2675,
            0.2725,
            0.2725,
            0.2775,
            0.2775,
            0.2975,
            0.2975,
            0.305,
            0.305,
            0.315,
            0.315,
            0.3175,
            0.3175,
            0.3225,
            0.3225,
            0.3575,
            0.3575,
            0.3625,
            0.3625,
            0.3775,
            0.3775,
            0.38,
            0.38,
            0.3825,
            0.3825,
            0.3825,
            0.385,
            0.385,
            0.395,
            0.395,
            0.4025,
            0.4025,
            0.4225,
            0.4225,
            0.425,
            0.425,
            0.4475,
            0.4475,
            0.455,
            0.455,
            0.465,
            0.465,
            0.4725,
            0.4725,
            0.4975,
            0.4975,
            0.5,
            0.5,
            0.5025,
            0.5025,
            0.515,
            0.515,
            0.5325,
            0.5325,
            0.54,
            0.54,
            0.545,
            0.545,
            0.555,
            0.555,
            0.56,
            0.56,
            0.5775,
            0.5775,
            0.5875,
            0.5875,
            0.59,
            0.59,
            0.615,
            0.615,
            0.625,
            0.625,
            0.6425,
            0.6425,
            0.65,
            0.65,
            0.655,
            0.655,
            0.6775,
            0.6775,
            0.685,
            0.685,
            0.6875,
            0.6875,
            0.695,
            0.695,
            0.72,
            0.72,
            0.735,
            0.735,
            0.7475,
            0.7475,
            0.75,
            0.75,
            0.7525,
            0.7525,
            0.765,
            0.765,
            0.7725,
            0.7725,
            0.775,
            0.775,
            0.7775,
            0.7775,
            0.79,
            0.79,
            0.795,
            0.795,
            0.805,
            0.805,
            0.815,
            0.815,
            0.825,
            0.825,
            0.8325,
            0.8325,
            0.85,
            0.85,
            0.8575,
            0.8575,
            0.8625,
            0.8625,
            0.8725,
            0.8725,
            0.8775,
            0.8775,
            0.8925,
            0.8925,
            0.9025,
            0.9025,
            0.93,
            0.93,
            0.985,
            0.985,
            1.0
        ],