{
    "device": "cuda",
    "inference_time": 0.04277035823235145,
    "kfold": {
        "acc": 0.9788333333333332,
        "th": 0.2894727885723114
    },
    "roc": {
        "auc": 0.9976834444444445,
        "th": 0.2427278310060501,
        "acc": 0.9793333333333333,
        "fpr": [
            0.0,
            0.0,
            0.0,
            0.0003333333333333333,
            0.0003333333333333333,
            0.0006666666666666666,
            0.0006666666666666666,
            0.001,
            0.001,
            0.0013333333333333333,
            0.0013333333333333333,
            0.0016666666666666668,
            0.0016666666666666668,
            0.002,
            0.002,
            0.0026666666666666666,
            0.0026666666666666666,
            0.003,
            0.003,
            0.0033333333333333335,
            0.0033333333333333335,
            0.0036666666666666666,
            0.0036666666666666666,
            0.004,
            0.004,
            0.004666666666666667,
            0.004666666666666667,
            0.005,
            0.005,
            0.005333333333333333,
            0.005333333333333333,
            0.006,
            0.006,
            0.006333333333333333,
            0.006333333333333333,
            0.006666666666666667,
            0.006666666666666667,
            0.007666666666666666,
            0.007666666666666666,
            0.008,
            0.008,
            0.009333333333333334,
            0.009333333333333334,
            0.009666666666666667,
            0.009666666666666667,
            0.01,
            0.01,
            0.010333333333333333,
            0.010333333333333333,
            0.011333333333333334,
            0.011333333333333334,
            0.011666666666666667,
            0.011666666666666667,
            0.012,
            0.012,
            0.012666666666666666,
            0.012666666666666666,
            0.013333333333333334,
            0.013333333333333334,
            0.013666666666666667,
            0.013666666666666667,
            0.014333333333333333,
            0.014333333333333333,
            0.014666666666666666,
            0.014666666666666666,
            0.016,
            0.016,
            0.01633333333333333,
            0.01633333333333333,
            0.016666666666666666,
            0.016666666666666666,
            0.017,
            0.017,
            0.017333333333333333,
            0.017333333333333333,
            0.017666666666666667,
            0.017666666666666667,
            0.018333333333333333,
            0.018333333333333333,
            0.019333333333333334,
            0.019333333333333334,
            0.019666666666666666,
            0.019666666666666666,
            0.020666666666666667,
            0.020666666666666667,
            0.02266666666666667,
            0.02266666666666667,
            0.023,
            0.023,
            0.024333333333333332,
            0.024333333333333332,
            0.027,
            0.027,
            0.027333333333333334,
            0.027333333333333334,
            0.027666666666666666,
            0.027666666666666666,
            0.028333333333333332,
            0.028333333333333332,
            0.029333333333333333,
            0.029333333333333333,
            0.030333333333333334,
            0.030333333333333334,
            0.031,
            0.031,
            0.03233333333333333,
            0.03233333333333333,
            0.035333333333333335,
            0.035333333333333335,
            0.035666666666666666,
            0.035666666666666666,
            0.03766666666666667,
            0.03766666666666667,
            0.03933333333333333,
            0.03933333333333333,
            0.04066666666666666,
            0.04066666666666666,
            0.041666666666666664,
            0.041666666666666664,
            0.042333333333333334,
            0.042333333333333334,
            0.046,
            0.046,
            0.04733333333333333,
            0.04733333333333333,
            0.04766666666666667,
            0.04766666666666667,
            0.051,
            0.051,
            0.052,
            0.052,
            0.05366666666666667,
            0.05366666666666667,
            0.059666666666666666,
            0.059666666666666666,
            0.060333333333333336,
            0.060333333333333336,
            0.06133333333333333,
            0.06133333333333333,
            0.064,
            0.064,
            0.07,
            0.07,
            0.08533333333333333,
            0.08533333333333333,
            0.08666666666666667,
            0.08666666666666667,
            0.088,
            0.088,
            0.09066666666666667,
            0.09066666666666667,
            0.09866666666666667,
            0.09866666666666667,
            0.10366666666666667,
            0.10366666666666667,
            0.104,
            0.104,
            0.105,
            0.105,
            0.10833333333333334,
            0.10833333333333334,
            0.13233333333333333,
            0.13233333333333333,
            0.13633333333333333,
            0.13633333333333333,
            0.15166666666666667,
            0.15166666666666667,
            0.16766666666666666,
            0.16766666666666666,
            0.19733333333333333,
            0.19733333333333333,
            0.22,
            0.22,
            0.24566666666666667,
            0.24566666666666667,
            0.248,
            0.248,
            0.2683333333333333,
            0.2683333333333333,
            0.30466666666666664,
            0.30466666666666664,
            0.3283333333333333,
            0.3283333333333333,
            0.807,
            0.807,
            1.0
        ],