{
    "device": "cuda",
    "inference_time": 0.10635769367218018,
    "kfold": {
        "acc": 0.65375,
        "th": 0.4691307842731476
    },
    "roc": {
        "auc": 0.8312124999999999,
        "th": 0.42602843046188354,
        "acc": 0.75125,
        "fpr": [
            0.0,
            0.0,
            0.0,
            0.0025,
            0.0025,
            0.0075,
            0.0075,
            0.01,
            0.01,
            0.0125,
            0.0125,
            0.015,
            0.015,
            0.0175,
            0.0175,
            0.02,
            0.02,
            0.0225,
            0.0225,
            0.025,
            0.025,
            0.0275,
            0.0275,
            0.0325,
            0.0325,
            0.035,
            0.035,
            0.0375,
            0.0375,
            0.04,
            0.04,
            0.0425,
            0.0425,
            0.045,
            0.045,
            0.0475,
            0.0475,
            0.05,
            0.05,
            0.0525,
            0.0525,
            0.055,
            0.055,
            0.0575,
            0.0575,
            0.0625,
            0.0625,
            0.07,
            0.07,
            0.0725,
            0.0725,
            0.075,
            0.075,
            0.08,
            0.08,
            0.0825,
            0.0825,
            0.085,
            0.085,
            0.0875,
            0.0875,
            0.09,
            0.09,
            0.0925,
            0.0925,
            0.095,
            0.095,
            0.0975,
            0.0975,
            0.1,
            0.1,
            0.1025,
            0.1025,
            0.105,
            0.105,
            0.1075,
            0.1075,
            0.11,
            0.11,
            0.1125,
            0.1125,
            0.115,
            0.115,
            0.1175,
            0.1175,
            0.12,
            0.12,
            0.1225,
            0.1225,
            0.125,
            0.125,
            0.1275,
            0.1275,
            0.1325,
            0.1325,
            0.135,
            0.135,
            0.1375,
            0.1375,
            0.1425,
            0.1425,
            0.145,
            0.145,
            0.1475,
            0.1475,
            0.15,
            0.15,
            0.155,
            0.155,
            0.1575,
            0.1575,
            0.16,
            0.16,
            0.17,
            0.17,
            0.1725,
            0.1725,
            0.175,
            0.175,
            0.1875,
            0.1875,
            0.195,
            0.195,
            0.21,
            0.21,
            0.215,
            0.215,
            0.22,
            0.22,
            0.2275,
            0.2275,
            0.2325,
            0.2325,
            0.235,
            0.235,
            0.24,
            0.24,
            0.245,
            0.245,
            0.25,
            0.25,
            0.2525,
            0.2525,
            0.2625,
            0.2625,
            0.275,
            0.275,
            0.285,
            0.285,
            0.2925,
            0.2925,
            0.2975,
            0.2975,
            0.3,
            0.3,
            0.305,
            0.305,
            0.315,
            0.315,
            0.3175,
            0.3175,
            0.3275,
            0.3275,
            0.33,
            0.33,
            0.3325,
            0.3325,
            0.335,
            0.335,
            0.34,
            0.34,
            0.3425,
            0.3425,
            0.345,
            0.345,
            0.3475,
            0.3475,
            0.35,
            0.35,
            0.3575,
            0.3575,
            0.3675,
            0.3675,
            0.37,
            0.37,
            0.3725,
            0.3725,
            0.3775,
            0.3775,
            0.3875,
            0.3875,
            0.3975,
            0.3975,
            0.4,
            0.4,
            0.4025,
            0.4025,
            0.405,
            0.405,
            0.4125,
            0.4125,
            0.4175,
            0.4175,
            0.4225,
            0.4225,
            0.4275,
            0.4275,
            0.43,
            0.43,
            0.4475,
            0.4475,
            0.455,
            0.455,
            0.4575,
            0.4575,
            0.4725,
            0.4725,
            0.485,
            0.485,
            0.4925,
            0.4925,
            0.5275,
            0.5275,
            0.535,
            0.535,
            0.54,
            0.54,
            0.56,
            0.56,
            0.5725,
            0.5725,
            0.5825,
            0.5825,
            0.595,
            0.595,
            0.61,
            0.61,
            0.635,
            0.635,
            0.6375,
            0.6375,
            0.6475,
            0.6475,
            0.65,
            0.65,
            0.675,
            0.675,
            0.6775,
            0.6775,
            0.6825,
            0.6825,
            0.6925,
            0.6925,
            0.705,
            0.705,
            0.7125,
            0.7125,
            0.7375,
            0.7375,
            0.75,
            0.75,
            0.7525,
            0.7525,
            0.755,
            0.755,
            0.7825,
            0.7825,
            0.79,
            0.79,
            0.8,
            0.8,
            0.8175,
            0.8175,
            0.82,
            0.82,
            0.825,
            0.825,
            0.83,
            0.83,
            0.8775,
            0.8775,
            0.9225,
            0.9225,
            0.9425,
            0.9425,
            0.97,
            0.97,
            0.985,
            0.985,
            1.0
        ],