{
    "device": "cuda",
    "inference_time": 0.0425715629871075,
    "kfold": {
        "acc": 0.9825000000000002,
        "th": 0.253880113363266
    },
    "roc": {
        "auc": 0.9972445555555556,
        "th": 0.24101433157920837,
        "acc": 0.9816666666666667,
        "fpr": [
            0.0,
            0.0,
            0.0,
            0.0,
            0.0,
            0.0,
            0.0,
            0.0003333333333333333,
            0.0003333333333333333,
            0.0006666666666666666,
            0.0006666666666666666,
            0.001,
            0.001,
            0.0016666666666666668,
            0.0016666666666666668,
            0.002,
            0.002,
            0.0023333333333333335,
            0.0023333333333333335,
            0.0026666666666666666,
            0.0026666666666666666,
            0.003,
            0.003,
            0.0033333333333333335,
            0.0033333333333333335,
            0.0036666666666666666,
            0.0036666666666666666,
            0.004,
            0.004,
            0.004333333333333333,
            0.004333333333333333,
            0.004666666666666667,
            0.004666666666666667,
            0.005333333333333333,
            0.005333333333333333,
            0.005666666666666667,
            0.005666666666666667,
            0.006,
            0.006,
            0.006333333333333333,
            0.006333333333333333,
            0.006666666666666667,
            0.006666666666666667,
            0.007,
            0.007,
            0.008666666666666666,
            0.008666666666666666,
            0.009,
            0.009,
            0.009333333333333334,
            0.009333333333333334,
            0.009666666666666667,
            0.009666666666666667,
            0.01,
            0.01,
            0.010333333333333333,
            0.010333333333333333,
            0.010666666666666666,
            0.010666666666666666,
            0.011666666666666667,
            0.011666666666666667,
            0.012,
            0.012,
            0.012333333333333333,
            0.012333333333333333,
            0.012666666666666666,
            0.012666666666666666,
            0.013,
            0.013,
            0.013666666666666667,
            0.013666666666666667,
            0.014,
            0.014,
            0.014666666666666666,
            0.014666666666666666,
            0.015,
            0.015,
            0.016666666666666666,
            0.016666666666666666,
            0.017,
            0.017,
            0.018333333333333333,
            0.018333333333333333,
            0.018666666666666668,
            0.018666666666666668,
            0.019666666666666666,
            0.019666666666666666,
            0.02,
            0.02,
            0.02033333333333333,
            0.02033333333333333,
            0.021666666666666667,
            0.021666666666666667,
            0.023333333333333334,
            0.023333333333333334,
            0.024666666666666667,
            0.024666666666666667,
            0.025,
            0.025,
            0.026333333333333334,
            0.026333333333333334,
            0.02666666666666667,
            0.02666666666666667,
            0.027333333333333334,
            0.027333333333333334,
            0.03266666666666666,
            0.03266666666666666,
            0.034,
            0.034,
            0.035333333333333335,
            0.035333333333333335,
            0.038,
            0.038,
            0.04666666666666667,
            0.04666666666666667,
            0.04733333333333333,
            0.04733333333333333,
            0.049,
            0.049,
            0.049666666666666665,
            0.049666666666666665,
            0.051,
            0.051,
            0.057,
            0.057,
            0.06766666666666667,
            0.06766666666666667,
            0.07666666666666666,
            0.07666666666666666,
            0.08666666666666667,
            0.08666666666666667,
            0.08833333333333333,
            0.08833333333333333,
            0.09133333333333334,
            0.09133333333333334,
            0.09433333333333334,
            0.09433333333333334,
            0.09566666666666666,
            0.09566666666666666,
            0.10066666666666667,
            0.10066666666666667,
            0.105,
            0.105,
            0.11066666666666666,
            0.11066666666666666,
            0.11533333333333333,
            0.11533333333333333,
            0.11666666666666667,
            0.11666666666666667,
            0.11933333333333333,
            0.11933333333333333,
            0.121,
            0.121,
            0.12433333333333334,
            0.12433333333333334,
            0.17866666666666667,
            0.17866666666666667,
            0.181,
            0.181,
            0.18533333333333332,
            0.18533333333333332,
            0.21066666666666667,
            0.21066666666666667,
            0.2853333333333333,
            0.2853333333333333,
            0.30433333333333334,
            0.30433333333333334,
            0.3273333333333333,
            0.3273333333333333,
            0.3373333333333333,
            0.3373333333333333,
            0.39466666666666667,
            0.39466666666666667,
            0.4206666666666667,
            0.4206666666666667,
            0.43866666666666665,
            0.43866666666666665,
            0.49866666666666665,
            0.49866666666666665,
            0.8953333333333333,
            0.8953333333333333,
            1.0
        ],