{
    "device": "cuda",
    "inference_time": 0.108226478099823,
    "kfold": {
        "acc": 0.64375,
        "th": 0.15923720598220825
    },
    "roc": {
        "auc": 0.75341875,
        "th": 0.1552630066871643,
        "acc": 0.7025,
        "fpr": [
            0.0,
            0.0,
            0.0,
            0.0025,
            0.0025,
            0.005,
            0.005,
            0.0075,
            0.0075,
            0.01,
            0.01,
            0.0125,
            0.0125,
            0.015,
            0.015,
            0.02,
            0.02,
            0.025,
            0.025,
            0.03,
            0.03,
            0.0325,
            0.0325,
            0.035,
            0.035,
            0.0375,
            0.0375,
            0.04,
            0.04,
            0.0425,
            0.0425,
            0.045,
            0.045,
            0.0475,
            0.0475,
            0.05,
            0.05,
            0.0525,
            0.0525,
            0.0575,
            0.0575,
            0.06,
            0.06,
            0.0625,
            0.0625,
            0.065,
            0.065,
            0.0725,
            0.0725,
            0.0775,
            0.0775,
            0.0825,
            0.0825,
            0.085,
            0.085,
            0.095,
            0.095,
            0.0975,
            0.0975,
            0.1,
            0.1,
            0.1025,
            0.1025,
            0.1125,
            0.1125,
            0.115,
            0.115,
            0.1175,
            0.1175,
            0.1225,
            0.1225,
            0.125,
            0.125,
            0.1275,
            0.1275,
            0.13,
            0.13,
            0.1325,
            0.1325,
            0.135,
            0.135,
            0.14,
            0.14,
            0.1425,
            0.1425,
            0.145,
            0.145,
            0.1475,
            0.1475,
            0.1525,
            0.1525,
            0.155,
            0.155,
            0.1575,
            0.1575,
            0.16,
            0.16,
            0.165,
            0.165,
            0.1675,
            0.1675,
            0.17,
            0.17,
            0.18,
            0.18,
            0.1825,
            0.1825,
            0.1875,
            0.1875,
            0.19,
            0.19,
            0.195,
            0.195,
            0.1975,
            0.1975,
            0.2075,
            0.2075,
            0.21,
            0.21,
            0.215,
            0.215,
            0.2175,
            0.2175,
            0.22,
            0.22,
            0.2225,
            0.2225,
            0.225,
            0.225,
            0.23,
            0.23,
            0.2325,
            0.2325,
            0.235,
            0.235,
            0.24,
            0.24,
            0.2425,
            0.2425,
            0.245,
            0.245,
            0.25,
            0.25,
            0.2525,
            0.2525,
            0.255,
            0.255,
            0.26,
            0.26,
            0.2625,
            0.2625,
            0.265,
            0.265,
            0.2675,
            0.2675,
            0.27,
            0.27,
            0.275,
            0.275,
            0.2775,
            0.2775,
            0.2825,
            0.2825,
            0.285,
            0.285,
            0.2975,
            0.2975,
            0.3,
            0.3,
            0.305,
            0.305,
            0.3075,
            0.3075,
            0.31,
            0.31,
            0.3125,
            0.3125,
            0.315,
            0.315,
            0.32,
            0.32,
            0.325,
            0.325,
            0.3275,
            0.3275,
            0.3325,
            0.3325,
            0.3375,
            0.3375,
            0.345,
            0.345,
            0.3575,
            0.3575,
            0.3625,
            0.3625,
            0.365,
            0.365,
            0.37,
            0.37,
            0.375,
            0.375,
            0.38,
            0.38,
            0.3925,
            0.3925,
            0.395,
            0.395,
            0.4,
            0.4,
            0.405,
            0.405,
            0.41,
            0.41,
            0.4125,
            0.4125,
            0.4225,
            0.4225,
            0.44,
            0.44,
            0.445,
            0.445,
            0.45,
            0.45,
            0.455,
            0.455,
            0.4625,
            0.4625,
            0.4675,
            0.4675,
            0.47,
            0.47,
            0.4825,
            0.4825,
            0.49,
            0.49,
            0.4975,
            0.4975,
            0.51,
            0.51,
            0.52,
            0.52,
            0.5325,
            0.5325,
            0.535,
            0.535,
            0.54,
            0.54,
            0.5425,
            0.5425,
            0.5475,
            0.5475,
            0.555,
            0.555,
            0.56,
            0.56,
            0.5775,
            0.5775,
            0.605,
            0.605,
            0.6125,
            0.6125,
            0.63,
            0.63,
            0.635,
            0.635,
            0.6425,
            0.6425,
            0.6525,
            0.6525,
            0.67,
            0.67,
            0.68,
            0.68,
            0.71,
            0.71,
            0.72,
            0.72,
            0.725,
            0.725,
            0.7275,
            0.7275,
            0.73,
            0.73,
            0.7475,
            0.7475,
            0.75,
            0.75,
            0.755,
            0.755,
            0.765,
            0.765,
            0.7725,
            0.7725,
            0.775,
            0.775,
            0.78,
            0.78,
            0.795,
            0.795,
            0.7975,
            0.7975,
            0.815,
            0.815,
            0.82,
            0.82,
            0.8225,
            0.8225,
            0.8275,
            0.8275,
            0.83,
            0.83,
            0.8325,
            0.8325,
            0.835,
            0.835,
            0.8375,
            0.8375,
            0.8475,
            0.8475,
            0.8575,
            0.8575,
            0.8775,
            0.8775,
            0.8875,
            0.8875,
            0.91,
            0.91,
            0.96,
            0.96,
            0.9675,
            0.9675,
            0.9725,
            0.9725,
            1.0,
            1.0
        ],